{
  "model": "linear",
  "site": "149",
  "seq_len": 192,
  "pred_len": 24,
  "params": 4632,
  "val_mse": 0.051401,
  "mse_float": 0.01082,
  "true_future": [
    -0.4634847640991211,
    -0.3830166161060333,
    -0.470584899187088,
    -1.0030947923660278,
    -1.431469440460205,
    -1.450403094291687,
    -1.4291027784347534,
    -1.4930039644241333,
    -1.5190377235412598,
    -1.2184654474258423,
    -1.1924316883087158,
    -1.2989336252212524,
    -1.1569310426712036,
    -0.4421843886375427,
    -0.3475159704685211,
    -0.39721688628196716,
    -0.23628056049346924,
    -0.12977857887744904,
    -0.058777257800102234,
    -0.18184621632099152,
    -0.16764594614505768,
    -0.061143968254327774,
    -0.11794502288103104,
    -0.2623143792152405
  ],
  "scaler_mean": 1548.8349989137519,
  "scaler_scale": 422.5273585367859
}