{"model": "dlinear", "site": "75", "seq_len": 192, "pred_len": 24, "params": 4632, "val_mse": 0.182748, "mse_float": 0.123818, "true_future": [0.4199853241443634, 0.5357965230941772, 0.590806782245636, 0.24337328970432281, -0.24013835191726685, -0.3125203251838684, -0.4862370789051056, -0.5702002048492432, -0.7960319519042969, -0.7352311015129089, -1.0479212999343872, -0.9465864896774292, 0.9121828079223633, 2.8578104972839355, 2.82017183303833, 3.350008010864258, 3.2226157188415527, 1.5375630855560303, 2.3829846382141113, 2.168734073638916, 2.38877534866333, 1.4275425672531128, 1.2972549200057983, 1.5375630855560303], "scaler_mean": 834.9413426026505, "scaler_scale": 345.38982222819976, "fused_from": "dlinear"}