{"model": "nlinear", "site": "47", "seq_len": 192, "pred_len": 24, "params": 4632, "val_mse": 0.082131, "mse_float": 0.033834, "true_future": [1.2005016803741455, 0.8991106152534485, 0.7699429988861084, 0.4470238983631134, -0.5647891759872437, -0.9953479170799255, -0.9092361927032471, -1.0384037494659424, -1.2752110958099365, -1.1675714254379272, -1.490490436553955, -0.5432612299919128, -0.09117453545331955, -0.7154847383499146, -0.4786774218082428, -0.5432612299919128, -0.6724288463592529, -0.7370126843452454, -1.0168758630752563, -0.9307640790939331, -0.9307640790939331, -0.8231244087219238, -0.09117453545331955, 0.6623032689094543], "scaler_mean": 154.23517271344775, "scaler_scale": 46.451267743061464, "fused_from": "nlinear"}