{
  "model": "nlinear",
  "site": "312",
  "seq_len": 192,
  "pred_len": 24,
  "params": 4632,
  "val_mse": 0.017653,
  "mse_float": 0.07951,
  "true_future": [
    0.8353736996650696,
    0.488290011882782,
    -0.5869888663291931,
    -0.8510446548461914,
    -1.0279892683029175,
    -1.1749894618988037,
    -1.2022117376327515,
    -1.1994894742965698,
    -1.2008506059646606,
    -0.9354336261749268,
    -0.87962806224823,
    -1.0279892683029175,
    -0.9490447640419006,
    -0.6251000165939331,
    -0.015321608632802963,
    0.048650678247213364,
    1.1225684881210327,
    1.1116795539855957,
    0.9456238150596619,
    0.9469849467277527,
    0.9374571442604065,
    1.1293740272521973,
    1.054512858390808,
    0.9469849467277527
  ],
  "scaler_mean": 1168.2566804258092,
  "scaler_scale": 734.6931350280972
}