{
  "model": "dlinear",
  "site": "58",
  "seq_len": 192,
  "pred_len": 24,
  "params": 9264,
  "val_mse": 0.105629,
  "mse_float": 0.043265,
  "true_future": [
    0.482744425535202,
    0.8049745559692383,
    0.8342682123184204,
    0.8196213841438293,
    -0.05186469480395317,
    -0.4400055706501007,
    -0.7549123167991638,
    -0.8281464576721191,
    -0.974614679813385,
    -1.0624955892562866,
    -1.703294277191162,
    -1.0185551643371582,
    -0.037217866629362106,
    0.13854403793811798,
    0.3435995876789093,
    0.5669636726379395,
    0.0030609017703682184,
    -0.9453210234642029,
    -0.7951910495758057,
    -1.1357297897338867,
    -1.0185551643371582,
    -0.9306741952896118,
    -0.6084440350532532,
    0.2557186484336853
  ],
  "scaler_mean": 794.1640777753639,
  "scaler_scale": 273.09672433189775
}