{"model": "nlinear", "site": "56", "seq_len": 192, "pred_len": 24, "params": 4632, "val_mse": 0.179088, "mse_float": 0.175282, "true_future": [0.3208444118499756, 0.8769299983978271, 1.8468466997146606, 1.3036932945251465, 0.1268610805273056, -0.4680211544036865, -0.5197500586509705, -0.4680211544036865, -0.4680211544036865, -0.6490722894668579, -1.6448533535003662, -1.049971103668213, -1.0111744403839111, -1.114632248878479, -0.6620044708251953, -0.8689200282096863, -0.35163113474845886, -0.3386989235877991, -0.6232078075408936, -0.8947845101356506, -1.1017000675201416, -0.9723778367042542, -0.8430556058883667, -0.5585467219352722], "scaler_mean": 248.19031066695632, "scaler_scale": 77.3262290990688, "fused_from": "nlinear"}