{
  "model": "nlinear",
  "site": "250",
  "seq_len": 192,
  "pred_len": 24,
  "params": 4632,
  "val_mse": 0.039536,
  "mse_float": 0.027539,
  "true_future": [
    0.16563619673252106,
    0.12829895317554474,
    -0.5491052269935608,
    -1.2065073251724243,
    -1.477202296257019,
    -1.387859582901001,
    -1.4425320625305176,
    -1.5052052736282349,
    -1.530541181564331,
    -0.7611274123191833,
    -0.7011211514472961,
    -0.7691282629966736,
    -0.4224253296852112,
    -0.030384305864572525,
    0.11629770696163177,
    0.2576458156108856,
    0.2269759476184845,
    0.1603023111820221,
    0.16163578629493713,
    0.013620296493172646,
    0.044290170073509216,
    0.2403106689453125,
    0.17097008228302002,
    0.27231401205062866
  ],
  "scaler_mean": 2509.7858461872693,
  "scaler_scale": 749.9215482392488
}