{
  "model": "dlinear",
  "site": "152",
  "seq_len": 192,
  "pred_len": 24,
  "params": 9264,
  "val_mse": 0.039344,
  "mse_float": 0.012635,
  "true_future": [
    0.07165065407752991,
    -0.15781211853027344,
    -0.29611843824386597,
    -0.7047507762908936,
    -1.619458556175232,
    -1.7420482635498047,
    -1.8174880743026733,
    -1.8049147129058838,
    -1.852064609527588,
    -1.7357616424560547,
    -1.5943119525909424,
    -1.4119991064071655,
    -0.792763888835907,
    -0.2772584855556488,
    0.002497485838830471,
    0.19424034655094147,
    0.1722370684146881,
    0.15023379027843475,
    0.2633935213088989,
    0.19109702110290527,
    0.1816670447587967,
    0.1282305121421814,
    0.15652044117450714,
    0.07165065407752991
  ],
  "scaler_mean": 1160.2054638279383,
  "scaler_scale": 318.1343929019906
}