{
  "model": "dlinear",
  "site": "269",
  "seq_len": 192,
  "pred_len": 24,
  "params": 9264,
  "val_mse": 0.038283,
  "mse_float": 0.020998,
  "true_future": [
    0.6248390078544617,
    0.14109058678150177,
    -0.5793858170509338,
    -1.3307397365570068,
    -1.4233723878860474,
    -1.6806854009628296,
    -1.711562991142273,
    -1.7527331113815308,
    -1.8247807025909424,
    -1.8762433528900146,
    -1.1145968437194824,
    -0.394120454788208,
    -0.8984538912773132,
    -0.19856256246566772,
    0.027872873470187187,
    0.3057709038257599,
    0.09992051124572754,
    0.05875043198466301,
    0.09992051124572754,
    0.08962799608707428,
    0.15138311684131622,
    -0.0030046869069337845,
    0.027872873470187187,
    0.5219138264656067
  ],
  "scaler_mean": 354.29192917662397,
  "scaler_scale": 97.15793672537013
}