{
  "model": "linear",
  "site": "142",
  "seq_len": 192,
  "pred_len": 24,
  "params": 4632,
  "val_mse": 0.055778,
  "mse_float": 0.1197,
  "true_future": [
    0.4099862575531006,
    -0.22542192041873932,
    -0.5118030905723572,
    -0.5028536319732666,
    -0.6907913088798523,
    -0.6549936532974243,
    -1.0219194889068604,
    -1.2546042203903198,
    -1.1919583082199097,
    -1.218806505203247,
    -1.245654821395874,
    -0.19857367873191833,
    0.08780746906995773,
    0.043060414493083954,
    0.23099803924560547,
    0.6426709294319153,
    0.723215639591217,
    0.9737991690635681,
    0.6963674426078796,
    0.7679626941680908,
    0.6695191860198975,
    0.7769120931625366,
    0.8485074043273926,
    0.6158227324485779
  ],
  "scaler_mean": 337.1884640451879,
  "scaler_scale": 111.73919660187472
}