{
  "model": "linear",
  "site": "171",
  "seq_len": 192,
  "pred_len": 24,
  "params": 4632,
  "val_mse": 0.046672,
  "mse_float": 0.034602,
  "true_future": [
    0.37300583720207214,
    0.3522443175315857,
    0.33609646558761597,
    -0.6673776507377625,
    -1.414792776107788,
    -1.578578233718872,
    -1.6131807565689087,
    -1.6131807565689087,
    -1.2902235984802246,
    -1.4517022371292114,
    -1.2210185527801514,
    -0.9880279898643494,
    -0.5589563250541687,
    0.35455113649368286,
    0.4099152386188507,
    0.3914605379104614,
    0.6198374032974243,
    0.5852348208427429,
    0.5137228965759277,
    0.799770712852478,
    0.6775083541870117,
    0.6221442222595215,
    0.566780149936676,
    0.5321776270866394
  ],
  "scaler_mean": 1430.3042037801433,
  "scaler_scale": 433.49399979426124
}