{"model": "dlinear", "site": "103", "seq_len": 192, "pred_len": 24, "params": 4632, "val_mse": 0.133518, "mse_float": 0.066133, "true_future": [0.09869607537984848, -0.016960248351097107, -0.6316815614700317, -0.9200301766395569, -1.1164875030517578, -1.097475528717041, -0.9754818677902222, -1.1640175580978394, -0.9564698338508606, -1.1022285223007202, -0.6380189061164856, -0.6506935358047485, 0.5027010440826416, 0.8290737271308899, 1.1665366888046265, 1.1475247144699097, 0.9510673880577087, 0.898784339427948, 1.0461273193359375, 0.9526516795158386, 0.9352240562438965, 1.060386300086975, 0.7466883659362793, 0.19058740139007568], "scaler_mean": 1228.7049750162937, "scaler_scale": 631.1803452695847, "fused_from": "dlinear"}