{
  "model": "dlinear",
  "site": "116",
  "seq_len": 192,
  "pred_len": 24,
  "params": 9264,
  "val_mse": 0.100145,
  "mse_float": 0.018217,
  "true_future": [
    1.279087781906128,
    1.3082096576690674,
    1.2458055019378662,
    1.0377917289733887,
    0.8380984663963318,
    0.817297101020813,
    0.7465723752975464,
    0.6966490745544434,
    0.784014880657196,
    0.6966490745544434,
    0.8006559610366821,
    0.9421053528785706,
    1.033631443977356,
    1.0669137239456177,
    1.1085164546966553,
    1.1584397554397583,
    1.2874083518981934,
    1.279087781906128,
    1.3331713676452637,
    1.35813307762146,
    1.1293177604675293,
    1.0710738897323608,
    1.3539727926254272,
    1.6035892963409424
  ],
  "scaler_mean": 615.5474147295242,
  "scaler_scale": 240.36863770130978
}