{
  "model": "linear",
  "site": "82",
  "seq_len": 192,
  "pred_len": 24,
  "params": 4632,
  "val_mse": 0.231367,
  "mse_float": 0.327277,
  "true_future": [
    -0.7040889263153076,
    -0.8311970829963684,
    -0.9047860503196716,
    -0.9114759564399719,
    -0.8847163319587708,
    -0.8111273646354675,
    0.13883915543556213,
    -0.1220671534538269,
    -0.3495239317417145,
    -0.041788291186094284,
    -0.576980710029602,
    -0.5100816488265991,
    -0.429802805185318,
    -0.5234614610671997,
    0.04518047720193863,
    0.24587763845920563,
    0.21242810785770416,
    1.229293704032898,
    1.3363322019577026,
    1.001836895942688,
    1.0821157693862915,
    0.7409306168556213,
    0.3930555582046509,
    -0.27593496441841125
  ],
  "scaler_mean": 573.246469693678,
  "scaler_scale": 149.47894865008797
}