{
  "model": "dlinear",
  "site": "60",
  "seq_len": 192,
  "pred_len": 24,
  "params": 9264,
  "val_mse": 0.148082,
  "mse_float": 0.097758,
  "true_future": [
    -0.0769604817032814,
    -0.009101003408432007,
    0.7769379615783691,
    0.23406213521957397,
    -0.3257785737514496,
    -0.6990057229995728,
    -0.9874085187911987,
    -1.0326482057571411,
    -1.00437331199646,
    -1.18533194065094,
    -1.9148213863372803,
    -1.1457473039627075,
    -0.7159705758094788,
    -0.8743093609809875,
    -0.9591337442398071,
    -1.0496129989624023,
    -0.4162578880786896,
    -0.7159705758094788,
    -1.2701563835144043,
    -1.0156832933425903,
    -0.252264142036438,
    -0.026065872982144356,
    0.35847118496894836,
    0.43198561668395996
  ],
  "scaler_mean": 649.6093851835759,
  "scaler_scale": 176.83601575001444
}