{
  "model": "nlinear",
  "site": "108",
  "seq_len": 192,
  "pred_len": 24,
  "params": 4632,
  "val_mse": 0.053535,
  "mse_float": 0.019926,
  "true_future": [
    0.9569536447525024,
    0.659173309803009,
    -0.3830578327178955,
    -1.0447919368743896,
    -1.1771386861801147,
    -1.1440520286560059,
    -1.2102254629135132,
    -1.193682074546814,
    -1.193682074546814,
    -1.2102254629135132,
    -1.1275086402893066,
    0.42756640911102295,
    0.9073235988616943,
    0.8576935529708862,
    0.8907802700996399,
    0.9900403618812561,
    0.940410315990448,
    0.7584334015846252,
    0.6095432639122009,
    0.5929999351501465,
    0.7749767899513245,
    0.9073235988616943,
    0.7584334015846252,
    0.9238669276237488
  ],
  "scaler_mean": 130.15479035411687,
  "scaler_scale": 60.447242725647335
}