{"model": "linear", "site": "107", "seq_len": 192, "pred_len": 24, "params": 4632, "val_mse": 0.276901, "mse_float": 0.181413, "true_future": [-0.8881824612617493, -0.8881824612617493, -0.8881824612617493, -0.8881824612617493, 1.3085291385650635, 0.8388873934745789, 0.8388873934745789, 0.6419408321380615, 0.6419408321380615, 0.6419408321380615, 1.126732349395752, 0.5055931806564331, -0.8881824612617493, -0.8881824612617493, -0.8881824612617493, -0.8881824612617493, -0.8881824612617493, -0.8881824612617493, -0.8881824612617493, -0.8881824612617493, -0.8881824612617493, -0.8881824612617493, -0.8881824612617493, -0.8881824612617493], "scaler_mean": 58.62692809037584, "scaler_scale": 66.00775402653763, "fused_from": "linear"}