{
  "model": "dlinear",
  "site": "162",
  "seq_len": 192,
  "pred_len": 24,
  "params": 9264,
  "val_mse": 0.03493,
  "mse_float": 0.018554,
  "true_future": [
    0.7288927435874939,
    1.0212035179138184,
    0.9391775727272034,
    0.47386646270751953,
    -0.9668083190917969,
    -1.4858092069625854,
    -1.5454643964767456,
    -1.5186195373535156,
    -1.5454643964767456,
    -1.3381623029708862,
    -1.0637481212615967,
    -0.8445150256156921,
    -0.42245396971702576,
    0.0503140464425087,
    0.29490065574645996,
    0.3620128333568573,
    0.5335217118263245,
    0.6155477166175842,
    0.5141337513923645,
    0.11891760677099228,
    0.12339174747467041,
    0.2024349868297577,
    0.5752804279327393,
    0.676694393157959
  ],
  "scaler_mean": 2069.2634694764283,
  "scaler_scale": 670.5191371304609
}