{
  "model": "dlinear",
  "site": "303",
  "seq_len": 192,
  "pred_len": 24,
  "params": 9264,
  "val_mse": 0.085353,
  "mse_float": 0.02938,
  "true_future": [
    -0.31416213512420654,
    0.14146578311920166,
    0.14146578311920166,
    0.0679774135351181,
    -0.1794334501028061,
    -0.6963016986846924,
    -0.8408288359642029,
    -0.8383792042732239,
    -0.8579760789871216,
    -0.8506272435188293,
    -0.8530768752098083,
    -0.904518723487854,
    -0.7893869876861572,
    -0.7820380926132202,
    -0.5738210678100586,
    -0.5713714361190796,
    -0.5542241334915161,
    -0.5370768904685974,
    -0.5517745614051819,
    -0.5738210678100586,
    -0.5517745614051819,
    -0.5419760942459106,
    -0.08634817600250244,
    0.13901618123054504
  ],
  "scaler_mean": 440.24972843797525,
  "scaler_scale": 408.2278340167844
}