{"model": "nlinear", "site": "266", "seq_len": 192, "pred_len": 24, "params": 4632, "val_mse": 0.042155, "mse_float": 0.027626, "true_future": [0.5140705704689026, 0.6522993445396423, -0.12250927090644836, -0.635410726070404, -0.4735375642776489, -0.6681491136550903, -1.2519837617874146, -1.2847222089767456, -1.3756622076034546, -1.3120042085647583, -1.2519837617874146, -0.16979806125164032, -0.23709364235401154, 0.07937747985124588, 0.2230626493692398, 0.5904601812362671, 0.6341113448143005, 0.4667817950248718, 0.47405698895454407, 0.41221779584884644, 0.49770137667655945, 0.5613593459129333, 0.46496298909187317, 0.49770137667655945], "scaler_mean": 1456.3572126873778, "scaler_scale": 549.8132030079246, "fused_from": "nlinear"}