{
  "model": "nlinear",
  "site": "31",
  "seq_len": 192,
  "pred_len": 24,
  "params": 4632,
  "val_mse": 0.127941,
  "mse_float": 0.05694,
  "true_future": [
    -0.7146831750869751,
    0.1764819175004959,
    0.06508627533912659,
    -0.5433052778244019,
    -1.014594554901123,
    -1.2802302837371826,
    -1.4344704151153564,
    -1.6144171953201294,
    -1.657261610031128,
    -1.4687459468841553,
    -1.1431279182434082,
    -1.1602656841278076,
    -0.3119451105594635,
    0.4249798655509949,
    0.36499762535095215,
    0.7077534198760986,
    0.9819580912590027,
    0.43354877829551697,
    0.4249798655509949,
    0.4421176612377167,
    0.6134955883026123,
    0.167913019657135,
    0.4592554569244385,
    0.39070430397987366
  ],
  "scaler_mean": 487.4043558548773,
  "scaler_scale": 116.70115835420556
}