{
  "model": "dlinear",
  "site": "151",
  "seq_len": 192,
  "pred_len": 24,
  "params": 9264,
  "val_mse": 0.089417,
  "mse_float": 0.023501,
  "true_future": [
    0.22465428709983826,
    0.10837942361831665,
    -0.13688786327838898,
    -0.39123913645744324,
    -0.9871478080749512,
    -0.954445481300354,
    -1.1343082189559937,
    -1.4849495887756348,
    -1.8537589311599731,
    -1.4885832071304321,
    -0.9362775683403015,
    -0.5656514167785645,
    -0.4221246540546417,
    0.06295955926179886,
    0.07022673636674881,
    0.1156466007232666,
    0.10292904078960419,
    0.12291378527879715,
    0.06477635353803635,
    0.12291378527879715,
    0.09021148085594177,
    0.22647108137607574,
    0.23737184703350067,
    0.23555505275726318
  ],
  "scaler_mean": 1851.3458070823376,
  "scaler_scale": 550.4199053400629
}