{"model": "dlinear", "site": "317", "seq_len": 192, "pred_len": 24, "params": 4632, "val_mse": 0.188969, "mse_float": 0.114037, "true_future": [0.896112322807312, 1.3727740049362183, 1.7435108423233032, 1.1079620122909546, 0.5518566966056824, 1.293330430984497, -0.34850427508354187, -0.5868351459503174, -0.851647138595581, -0.8781283497810364, -0.5338727235794067, -0.931090772151947, -0.9840531945228577, -0.931090772151947, -0.7986847758293152, -0.9575719833374023, -0.7192411422729492, -1.010534405708313, -0.7722035646438599, -0.7457223534584045, -0.6927599310874939, -0.9046095609664917, -0.5868351459503174, -0.9046095609664917], "scaler_mean": 53.160438844232026, "scaler_scale": 37.76263240034393, "fused_from": "dlinear"}