{
  "model": "dlinear",
  "site": "173",
  "seq_len": 192,
  "pred_len": 24,
  "params": 9264,
  "val_mse": 0.038506,
  "mse_float": 0.04629,
  "true_future": [
    0.19367556273937225,
    0.30702176690101624,
    0.1756841093301773,
    -0.49719658493995667,
    -1.1466883420944214,
    -1.2312482595443726,
    -1.263632893562317,
    -1.261833667755127,
    -1.2006627321243286,
    -0.9487822651863098,
    -0.7292864322662354,
    -0.7005000710487366,
    -0.3694571852684021,
    0.04434643313288689,
    0.10191911458969116,
    0.13790203630924225,
    0.10011996328830719,
    0.21526531875133514,
    0.2260601967573166,
    0.2818337380886078,
    0.350201278924942,
    0.34120556712150574,
    0.21346618235111237,
    0.15949179232120514
  ],
  "scaler_mean": 1549.3514012600479,
  "scaler_scale": 555.8191983293409
}