{
  "model": "nlinear",
  "site": "104",
  "seq_len": 192,
  "pred_len": 24,
  "params": 4632,
  "val_mse": 0.024794,
  "mse_float": 0.020971,
  "true_future": [
    -1.4124141931533813,
    -1.4247580766677856,
    -1.43710196018219,
    -1.4741336107254028,
    -1.3815544843673706,
    -1.4494458436965942,
    -1.400070309638977,
    -1.480305552482605,
    -1.4124141931533813,
    -1.4741336107254028,
    -1.3630386590957642,
    -1.393898367881775,
    -1.190224289894104,
    -1.128504753112793,
    -1.0297536849975586,
    -1.1470205783843994,
    -1.1778804063796997,
    -1.1655364036560059,
    -1.1717084646224976,
    -1.0359256267547607,
    -0.961862325668335,
    -1.0359256267547607,
    -1.09147310256958,
    -1.1655364036560059
  ],
  "scaler_mean": 498.84434064740384,
  "scaler_scale": 162.02353733339768
}