{"model": "nlinear", "site": "245", "seq_len": 192, "pred_len": 24, "params": 4632, "val_mse": 0.123484, "mse_float": 0.042609, "true_future": [1.6724847555160522, 1.4097312688827515, 0.6076416373252869, -0.056156620383262634, -0.15987509489059448, -0.04232748970389366, -0.06307118386030197, -0.1460459679365158, -0.11838770657777786, 0.3656318783760071, 0.7390183806419373, 2.3293683528900146, 2.751156806945801, 1.7692886590957642, 1.7969468832015991, 1.8315197229385376, 1.7278012037277222, 1.914494514465332, 1.5756808519363403, 2.267137289047241, 2.446916103363037, 2.529890775680542, 1.983640193939209, 1.942152738571167], "scaler_mean": 334.1214968498805, "scaler_scale": 144.6222504656884, "fused_from": "nlinear"}