{
  "model": "nlinear",
  "site": "66",
  "seq_len": 192,
  "pred_len": 24,
  "params": 4632,
  "val_mse": 0.109852,
  "mse_float": 0.031319,
  "true_future": [
    0.0805656835436821,
    0.3234601616859436,
    0.8653017282485962,
    0.3234601616859436,
    -0.14364461600780487,
    -0.4612758755683899,
    -0.610749363899231,
    -0.7041703462600708,
    -0.5733810067176819,
    -0.8910122513771057,
    -1.6383799314498901,
    -0.5360126495361328,
    -0.5360126495361328,
    -0.8536438941955566,
    -0.9657490253448486,
    -0.4052232801914215,
    -0.5920652151107788,
    -1.0404857397079468,
    -0.7228545546531677,
    -1.0965383052825928,
    -0.7602229118347168,
    -0.8349596858024597,
    -0.36785489320755005,
    0.09924986958503723
  ],
  "scaler_mean": 191.6880295459483,
  "scaler_scale": 53.521182234100735
}