{
  "model": "nlinear",
  "site": "276",
  "seq_len": 192,
  "pred_len": 24,
  "params": 4632,
  "val_mse": 0.067763,
  "mse_float": 0.039168,
  "true_future": [
    0.06325717270374298,
    0.08339453488588333,
    -0.7989506125450134,
    -1.2756718397140503,
    -1.2353971004486084,
    -1.4059481620788574,
    -1.5062240362167358,
    -1.5370465517044067,
    -1.4963607788085938,
    -1.5214297771453857,
    -0.455793559551239,
    0.018461821600794792,
    -0.398258239030838,
    -0.35305193066596985,
    -0.1220887303352356,
    -0.12702032923698425,
    -0.016881300136446953,
    -0.04195025935769081,
    -0.0070181037299335,
    0.06818877160549164,
    0.08380550146102905,
    0.058325573801994324,
    0.7919008135795593,
    0.44175735116004944
  ],
  "scaler_mean": 7060.077069302629,
  "scaler_scale": 2433.288168033553
}