{"model": "dlinear", "site": "24", "seq_len": 192, "pred_len": 24, "params": 4632, "val_mse": 0.144137, "mse_float": 0.018405, "true_future": [0.3178101181983948, 0.3178101181983948, 1.054429531097412, 0.5710230469703674, -0.2576737403869629, -0.5454156994819641, -0.6490027904510498, -0.7295705080032349, -0.9712737798690796, -1.0518414974212646, -1.4431705474853516, -1.086370587348938, -0.8791963458061218, -1.1093899011611938, -0.9942930936813354, -0.7756092548370361, -0.40729954838752747, -0.7756092548370361, -0.8791963458061218, -0.8676866888999939, -0.936744749546051, -0.8446673154830933, -0.3727705180644989, 0.17969399690628052], "scaler_mean": 270.3875733217467, "scaler_scale": 86.88340686883897, "fused_from": "dlinear"}