{"model": "dlinear", "site": "1", "seq_len": 192, "pred_len": 24, "params": 4632, "val_mse": 0.161652, "mse_float": 0.045146, "true_future": [0.5355557203292847, 0.11685407906770706, -0.37797510623931885, -0.3399113118648529, -0.8347405195236206, -1.3676334619522095, -1.4437609910964966, -1.5960161685943604, -1.405697226524353, -0.948931872844696, -0.45410266518592834, 1.2587676048278809, 0.5736194849014282, -0.1876561939716339, -0.1876561939716339, -0.14959239959716797, -0.3399113118648529, -0.035401053726673126, -0.3399113118648529, -0.6824853420257568, -0.6444215774536133, -0.6444215774536133, -0.3399113118648529, -0.035401053726673126], "scaler_mean": 114.93004562242017, "scaler_scale": 26.271692358854796, "fused_from": "dlinear"}