{
  "model": "dlinear",
  "site": "148",
  "seq_len": 192,
  "pred_len": 24,
  "params": 9264,
  "val_mse": 0.061913,
  "mse_float": 0.019086,
  "true_future": [
    0.12447790056467056,
    0.05045846477150917,
    -0.12507334351539612,
    -0.5987977385520935,
    -1.0069620609283447,
    -1.193068027496338,
    -1.6033473014831543,
    -1.7344673871994019,
    -1.8423242568969727,
    -1.0302252769470215,
    -1.0407994985580444,
    -0.9223684072494507,
    -1.0090769529342651,
    -0.4169214069843292,
    -0.34501680731773376,
    -0.26888254284858704,
    -0.1504514366388321,
    -0.11449913680553436,
    -0.3407871425151825,
    -0.2604231834411621,
    -0.13987722992897034,
    -0.05528359115123749,
    -0.07854684442281723,
    0.1604301929473877
  ],
  "scaler_mean": 1644.140777753639,
  "scaler_scale": 472.84877176009746
}