{"model": "dlinear", "site": "216", "seq_len": 192, "pred_len": 24, "params": 4632, "val_mse": 0.087884, "mse_float": 0.032527, "true_future": [0.3373206853866577, -0.16053248941898346, -0.16807571053504944, -0.6357559561729431, -1.2316710948944092, -1.533400297164917, -1.5183138847351074, -1.4881409406661987, -1.623919129371643, -1.352362871170044, -1.1562387943267822, -0.4471752345561981, -0.4848913848400116, -0.28122416138648987, 0.08085086941719055, 0.41275298595428467, 0.4730988144874573, 0.38258007168769836, 0.44292590022087097, 0.29206129908561707, 0.44292590022087097, 0.2166290134191513, 0.44292590022087097, 0.32223424315452576], "scaler_mean": 621.2816641320877, "scaler_scale": 132.56920550324998, "fused_from": "dlinear"}