{
  "model": "dlinear",
  "site": "213",
  "seq_len": 192,
  "pred_len": 24,
  "params": 9264,
  "val_mse": 0.04192,
  "mse_float": 0.022762,
  "true_future": [
    0.10434846580028534,
    0.31826069951057434,
    0.03116796724498272,
    -1.0552810430526733,
    -1.4999933242797852,
    -1.438071370124817,
    -1.4831054210662842,
    -1.528139591217041,
    -1.5168811082839966,
    -1.134090781211853,
    -0.728783369064331,
    -0.4585784673690796,
    -0.3797686994075775,
    -0.013866188004612923,
    0.42521682381629944,
    0.41395828127861023,
    0.44210463762283325,
    0.5940948724746704,
    0.24508020281791687,
    0.402699738740921,
    0.6166119575500488,
    0.6222412586212158,
    0.5828363299369812,
    0.6616461277008057
  ],
  "scaler_mean": 576.4632305018466,
  "scaler_scale": 177.64294885291366
}