{"model": "nlinear", "site": "190", "seq_len": 192, "pred_len": 24, "params": 4632, "val_mse": 0.033187, "mse_float": 0.012725, "true_future": [0.4218992590904236, 0.5781936049461365, -0.3830166757106781, -1.3442269563674927, -1.2738945484161377, -1.1254148483276367, -1.1097854375839233, -1.031638264656067, -1.0472676753997803, -1.1176002025604248, -0.9378616213798523, -0.4455344080924988, -0.3752019703388214, 0.046792808920145035, 0.24997547268867493, 0.4609728455543518, 0.49223172664642334, 0.38282567262649536, 0.4062698185443878, 0.5625641942024231, 0.6172671914100647, 0.5703788995742798, 0.5313053131103516, 0.39845511317253113], "scaler_mean": 334.0122202911145, "scaler_scale": 127.96367262869599, "fused_from": "nlinear"}