{"model": "dlinear", "site": "186", "seq_len": 192, "pred_len": 24, "params": 4632, "val_mse": 0.024883, "mse_float": 0.011706, "true_future": [0.3967434763908386, 0.3836822211742401, 0.3306836783885956, 0.25131145119667053, -0.7336826920509338, -1.6325228214263916, -1.6587709188461304, -1.652365803718567, -1.6787395477294922, -1.6325228214263916, -1.5334330797195435, -1.1763837337493896, -0.6079681515693665, 0.4165865182876587, 0.449616402387619, 0.5488317012786865, 0.6214221119880676, 0.6279526948928833, 0.6544519662857056, 0.6413907408714294, 0.6147658824920654, 0.6148914694786072, 0.6346089243888855, 0.5685491561889648], "scaler_mean": 22842.936508798608, "scaler_scale": 7962.483974327883, "fused_from": "dlinear"}