{"model": "nlinear", "site": "133", "seq_len": 192, "pred_len": 24, "params": 4632, "val_mse": 0.311345, "mse_float": 0.116341, "true_future": [1.4348618984222412, 1.0750524997711182, 0.8557822108268738, 1.2943228483200073, 0.4054686725139618, 0.7270160913467407, 1.2464954853057861, 0.8918367028236389, 0.36647093296051025, -0.34652552008628845, 0.16412416100502014, -0.3531477749347687, 0.16265255212783813, 0.5673460960388184, 1.5982109308242798, 1.5996825695037842, 2.2435131072998047, 2.1184260845184326, 2.215552568435669, 2.0463171005249023, 2.3759584426879883, 2.2685306072235107, 2.879985809326172, 2.572418689727783], "scaler_mean": 9188.946556593526, "scaler_scale": 1359.0530643300015, "fused_from": "nlinear"}