{"model": "nlinear", "site": "55", "seq_len": 192, "pred_len": 24, "params": 4632, "val_mse": 0.148705, "mse_float": 0.057259, "true_future": [0.7470505833625793, 0.4754457473754883, 0.459503710269928, 0.18671801686286926, -0.6452193260192871, -1.0396367311477661, -1.356705904006958, -1.3726478815078735, -0.7969637513160706, -1.2055518627166748, -0.9782304763793945, -0.9634693264961243, -0.06953522562980652, 0.5964870452880859, 0.1719568818807602, 0.7009958028793335, 0.06626718491315842, -0.2065185159444809, 0.3231108784675598, 0.8226275444030762, 0.8686822652816772, 0.6573028564453125, 0.8226275444030762, 1.1721711158752441], "scaler_mean": 5556.76743428199, "scaler_scale": 1693.6371284303575, "fused_from": "nlinear"}