{
  "model": "dlinear",
  "site": "257",
  "seq_len": 192,
  "pred_len": 24,
  "params": 9264,
  "val_mse": 0.048577,
  "mse_float": 0.036216,
  "true_future": [
    0.34016329050064087,
    0.5399266481399536,
    -0.38754594326019287,
    -1.122389554977417,
    -1.1580616235733032,
    -1.5575882196426392,
    -1.7074108123779297,
    -1.7359484434127808,
    -1.7288140058517456,
    -1.6075291633605957,
    -1.2080024480819702,
    -0.43748676776885986,
    -0.6301156878471375,
    -0.030825726687908173,
    0.4685825705528259,
    0.41864174604415894,
    0.4257761538028717,
    0.3544321060180664,
    0.497120201587677,
    0.3758353292942047,
    0.6398082971572876,
    0.5256578326225281,
    0.646942675113678,
    0.725421130657196
  ],
  "scaler_mean": 461.32071475124917,
  "scaler_scale": 140.16586904086833
}