{"model": "dlinear", "site": "0", "seq_len": 192, "pred_len": 24, "params": 4632, "val_mse": 0.426259, "mse_float": 0.134532, "true_future": [-0.652633786201477, -0.6120646595954895, -0.12523505091667175, -0.20637331902980804, -0.49035724997520447, -0.5309264063835144, -0.49035724997520447, -0.49035724997520447, -0.5309264063835144, -0.49035724997520447, -0.571495532989502, -0.6120646595954895, -0.6932029128074646, -0.0846659243106842, -0.7743411660194397, -0.9366177320480347, -0.9366177320480347, -0.9366177320480347, -0.8554794192314148, -0.9366177320480347, -0.7743411660194397, -0.6932029128074646, -0.6932029128074646, -0.7743411660194397], "scaler_mean": 25.08695416033022, "scaler_scale": 24.64928204828357, "fused_from": "dlinear"}