{
  "model": "nlinear",
  "site": "172",
  "seq_len": 192,
  "pred_len": 24,
  "params": 4632,
  "val_mse": 0.084496,
  "mse_float": 0.013009,
  "true_future": [
    0.12562547624111176,
    -0.07723118364810944,
    -0.08932814002037048,
    -0.6243858337402344,
    -1.632155418395996,
    -1.8973578214645386,
    -1.88153874874115,
    -1.8126791715621948,
    -1.5400323867797852,
    -1.088722825050354,
    -1.0524319410324097,
    -0.8719081878662109,
    -0.1674930900335312,
    0.27637216448783875,
    0.17494383454322815,
    0.296843945980072,
    0.3731478154659271,
    0.2903302013874054,
    0.340579092502594,
    0.392689049243927,
    0.35267603397369385,
    0.35546764731407166,
    0.22705380618572235,
    0.08840407431125641
  ],
  "scaler_mean": 4472.996524006083,
  "scaler_scale": 1074.6504682572686
}