{"model": "dlinear", "site": "143", "seq_len": 192, "pred_len": 24, "params": 4632, "val_mse": 0.061008, "mse_float": 0.0409, "true_future": [0.12776672840118408, -0.32794517278671265, -0.7217702269554138, -0.7780309915542603, -0.839917778968811, -1.4925421476364136, -1.6725765466690063, -1.6950808763504028, -1.6388200521469116, -1.58255934715271, -1.486916184425354, 0.0883842185139656, 0.2009056806564331, 0.45970502495765686, -0.01851116120815277, 0.25716641545295715, 0.49908754229545593, 0.375313937664032, 0.2909228503704071, 0.2009056806564331, 0.27967068552970886, 0.32467928528785706, 0.5497221946716309, 0.4653310775756836], "scaler_mean": 625.2902454920704, "scaler_scale": 177.74388179373082, "fused_from": "dlinear"}