{
  "model": "nlinear",
  "site": "166",
  "seq_len": 192,
  "pred_len": 24,
  "params": 4632,
  "val_mse": 0.05879,
  "mse_float": 0.041779,
  "true_future": [
    0.27637189626693726,
    0.23719654977321625,
    0.24904026091098785,
    -0.3458784818649292,
    -1.166738748550415,
    -1.502918004989624,
    -1.5730692148208618,
    -1.7625685930252075,
    -1.646864652633667,
    -1.0783665180206299,
    -1.109342336654663,
    -0.8824896812438965,
    -0.6456154584884644,
    -0.08440576493740082,
    0.4221406579017639,
    0.5615320205688477,
    0.8093389272689819,
    0.97788405418396,
    0.8794901371002197,
    0.7993173003196716,
    0.6180174350738525,
    0.31554725766181946,
    0.25268447399139404,
    0.30916985869407654
  ],
  "scaler_mean": 3392.646208994134,
  "scaler_scale": 1097.6289092050606
}