{"model": "dlinear", "site": "78", "seq_len": 192, "pred_len": 24, "params": 4632, "val_mse": 0.110983, "mse_float": 0.06179, "true_future": [0.1184544563293457, 0.6317136883735657, 0.7343655228614807, 0.2633747160434723, -0.4189581573009491, -0.7571054100990295, -0.9926008582115173, -1.0710992813110352, -0.9684474468231201, -0.9986391663551331, -1.63870370388031, -0.793335497379303, 0.8490940928459167, 0.7041738033294678, 0.30564311146736145, 0.4324483573436737, 0.347911536693573, -0.20761612057685852, -0.01438911259174347, 0.29356643557548523, -0.03250414505600929, 0.31771981716156006, -0.04458083212375641, 0.5411385297775269], "scaler_mean": 463.38295676732565, "scaler_scale": 165.60831858399698, "fused_from": "dlinear"}