{
  "model": "linear",
  "site": "54",
  "seq_len": 192,
  "pred_len": 24,
  "params": 4632,
  "val_mse": 0.101507,
  "mse_float": 0.034869,
  "true_future": [
    0.06611460447311401,
    0.8735841512680054,
    1.124178171157837,
    0.8735841512680054,
    0.23317725956439972,
    -0.017416726797819138,
    -0.35154205560684204,
    -0.3793858289718628,
    -0.3793858289718628,
    -0.6578235626220703,
    -1.6880433559417725,
    -1.4096055030822754,
    -1.4931368827819824,
    -1.326074242591858,
    -1.520980715751648,
    -1.7158870697021484,
    -1.3539179563522339,
    -1.3817617893218994,
    -1.3539179563522339,
    -1.1868553161621094,
    -1.548824429512024,
    -1.3539179563522339,
    -1.1868553161621094,
    -0.1566356122493744
  ],
  "scaler_mean": 94.62551596784705,
  "scaler_scale": 35.91466832146434
}