{
  "model": "dlinear",
  "site": "291",
  "seq_len": 192,
  "pred_len": 24,
  "params": 9264,
  "val_mse": 0.035531,
  "mse_float": 0.014417,
  "true_future": [
    0.560646116733551,
    0.26827946305274963,
    -0.05690385401248932,
    -0.24783717095851898,
    -1.0414037704467773,
    -1.181620478630066,
    -1.2233871221542358,
    -1.181620478630066,
    -1.238303780555725,
    -1.0831704139709473,
    -1.0831704139709473,
    -1.10703706741333,
    -0.9578704237937927,
    -0.6476038098335266,
    -0.30452048778533936,
    0.5695961117744446,
    0.348829448223114,
    0.48606276512145996,
    0.8709127306938171,
    0.8828460574150085,
    0.6650627255439758,
    0.6829627752304077,
    0.6710294485092163,
    0.7127960920333862
  ],
  "scaler_mean": 539.0739191831415,
  "scaler_scale": 335.1955572673577
}