{
  "model": "linear",
  "site": "138",
  "seq_len": 192,
  "pred_len": 24,
  "params": 4632,
  "val_mse": 0.071836,
  "mse_float": 0.016516,
  "true_future": [
    0.3146950602531433,
    -0.23029352724552155,
    -1.2947243452072144,
    -1.5246413946151733,
    -1.7162389755249023,
    -1.5033528804779053,
    -1.3585902452468872,
    -1.3585902452468872,
    -1.307497501373291,
    -1.103126883506775,
    -0.5283341407775879,
    0.067747101187706,
    0.27637556195259094,
    0.5403543710708618,
    0.7106633186340332,
    0.6978901624679565,
    0.7149210572242737,
    0.36153000593185425,
    0.2337983101606369,
    0.6893747448921204,
    0.4892617166042328,
    0.5020349025726318,
    0.4509422183036804,
    0.3743031919002533
  ],
  "scaler_mean": 977.088420595264,
  "scaler_scale": 234.8673013709517
}