{"model": "linear", "site": "184", "seq_len": 192, "pred_len": 24, "params": 4632, "val_mse": 0.072377, "mse_float": 0.019403, "true_future": [0.6832760572433472, 0.38083359599113464, 0.4250367283821106, -0.6428179144859314, -1.0755432844161987, -1.2500293254852295, -1.1686025857925415, -1.2314175367355347, -1.089502215385437, -1.0685638189315796, -0.780080258846283, -0.6730621457099915, -0.3589872717857361, 0.18540921807289124, 0.6949084997177124, 0.39013952016830444, 0.6437259316444397, 0.7088673710823059, 0.9996774792671204, 0.9229035973548889, 1.1253074407577515, 1.1602046489715576, 1.1555516719818115, 0.7902941703796387], "scaler_mean": 1825.304855529003, "scaler_scale": 429.8337868112322, "fused_from": "linear"}