{
  "model": "linear",
  "site": "25",
  "seq_len": 192,
  "pred_len": 24,
  "params": 4632,
  "val_mse": 0.201849,
  "mse_float": 0.014315,
  "true_future": [
    0.5920488834381104,
    0.34646540880203247,
    0.4283265471458435,
    0.3137209415435791,
    0.1008819192647934,
    -0.013723704032599926,
    -0.08739874511957169,
    -0.11195709556341171,
    -0.13651543855667114,
    -0.1692599058151245,
    -0.054654285311698914,
    0.6575378179550171,
    0.8376323580741882,
    0.8458184599876404,
    0.8212600946426392,
    0.8048878908157349,
    0.7148405909538269,
    0.641165554523468,
    0.7393989562988281,
    0.7475850582122803,
    0.8294462561607361,
    0.8703768253326416,
    0.9931685328483582,
    1.1077741384506226
  ],
  "scaler_mean": 314.67646100369325,
  "scaler_scale": 122.15805571313615
}