{
  "model": "linear",
  "site": "99",
  "seq_len": 192,
  "pred_len": 24,
  "params": 4632,
  "val_mse": 0.249787,
  "mse_float": 0.084495,
  "true_future": [
    -0.7882932424545288,
    -0.889466404914856,
    -0.9805222153663635,
    -0.9501702785491943,
    -0.9299356341362,
    -1.000756859779358,
    -1.000756859779358,
    -0.970404863357544,
    -0.9906395077705383,
    -0.8995836973190308,
    -1.1626338958740234,
    -0.8793490529060364,
    -0.8489971160888672,
    0.8810634613037109,
    2.3784258365631104,
    1.933264136314392,
    1.9231467247009277,
    0.7191864848136902,
    1.417281150817871,
    2.5504202842712402,
    1.8927948474884033,
    1.3262252807617188,
    0.04132646694779396,
    -0.38360071182250977
  ],
  "scaler_mean": 253.91527264827286,
  "scaler_scale": 98.84046779721186
}