{
  "model": "dlinear",
  "site": "120",
  "seq_len": 192,
  "pred_len": 24,
  "params": 9264,
  "val_mse": 0.198801,
  "mse_float": 0.022588,
  "true_future": [
    -0.6549557447433472,
    -0.9698010087013245,
    -1.108703374862671,
    -1.2383455038070679,
    -1.5809712409973145,
    -1.5531907081604004,
    -1.5994914770126343,
    -1.5531907081604004,
    -1.6180118322372437,
    -1.608751654624939,
    -1.321686863899231,
    -0.9142400622367859,
    -0.5438339114189148,
    -0.43271204829216003,
    -0.238248810172081,
    -0.16416756808757782,
    -0.2475089579820633,
    -0.2197284996509552,
    -0.1826878786087036,
    -0.1826878786087036,
    -0.2660292685031891,
    -0.38641127943992615,
    -0.5345737338066101,
    -0.7105166912078857
  ],
  "scaler_mean": 1392.7283836628285,
  "scaler_scale": 107.98956010973868
}