{
  "model": "dlinear",
  "site": "308",
  "seq_len": 192,
  "pred_len": 24,
  "params": 9264,
  "val_mse": 0.057515,
  "mse_float": 0.034733,
  "true_future": [
    0.5783253312110901,
    0.6576311588287354,
    0.0004598344676196575,
    -0.6161310076713562,
    -1.1624597311019897,
    -1.206518530845642,
    -1.2276203632354736,
    -1.2591571807861328,
    -1.2589253187179565,
    -1.2556787729263306,
    -1.3238539695739746,
    -1.3486660718917847,
    -0.7775252461433411,
    -0.16649970412254333,
    -0.41415634751319885,
    -0.02064199559390545,
    0.7278932929039001,
    0.571600615978241,
    0.53774493932724,
    0.5184981822967529,
    0.5099183320999146,
    0.48858460783958435,
    0.4904397130012512,
    0.5011065602302551
  ],
  "scaler_mean": 7644.016999782751,
  "scaler_scale": 4312.4219967736935
}