{"model": "linear", "site": "4", "seq_len": 192, "pred_len": 24, "params": 4632, "val_mse": 0.167532, "mse_float": 0.042631, "true_future": [0.24366509914398193, 0.47332125902175903, 0.9469870924949646, 0.5881493091583252, -0.12952615320682526, -0.40224283933639526, -0.617545485496521, -0.6749595403671265, -0.7036665678024292, -0.6318989992141724, -1.2203929424285889, -1.0481507778167725, -0.9476762413978577, -1.2347464561462402, -0.8759086728096008, -0.430949866771698, -0.5601314306259155, -0.804141104221344, -1.0194437503814697, -0.6031919717788696, -0.37353581190109253, -0.3304753005504608, -0.2443542331457138, 0.3584931790828705], "scaler_mean": 200.02400608298936, "scaler_scale": 69.66937116853957, "fused_from": "linear"}