{"model": "nlinear", "site": "206", "seq_len": 192, "pred_len": 24, "params": 4632, "val_mse": 0.034519, "mse_float": 0.010648, "true_future": [0.19694970548152924, 0.21108558773994446, -0.42974069714546204, -1.447523593902588, -1.4286757707595825, -1.4852192401885986, -1.5134910345077515, -1.612442135810852, -1.612442135810852, -1.268469214439392, -1.0564310550689697, -0.47686028480529785, -0.3496374189853668, 0.1027105525135994, 0.2157975435256958, 0.22050949931144714, 0.25349318981170654, 0.27705299854278564, 0.35715627670288086, 0.2487812489271164, 0.23464536666870117, 0.24406929314136505, 0.41369977593421936, 0.281764954328537], "scaler_mean": 632.2021507712361, "scaler_scale": 212.22600175246313, "fused_from": "nlinear"}