{
  "model": "dlinear",
  "site": "274",
  "seq_len": 192,
  "pred_len": 24,
  "params": 9264,
  "val_mse": 0.092579,
  "mse_float": 0.123832,
  "true_future": [
    0.399305522441864,
    0.5506965517997742,
    0.5128487944602966,
    -0.11163928359746933,
    -0.7266654372215271,
    -0.7550512552261353,
    -0.9915997385978699,
    -1.7769408226013184,
    -1.9094079732894897,
    -1.9472557306289673,
    -0.4995788633823395,
    -0.5563504695892334,
    -0.9348281025886536,
    -0.17787286639213562,
    0.32360997796058655,
    0.4844629764556885,
    0.5790823698043823,
    0.37091967463493347,
    0.20060475170612335,
    0.32360997796058655,
    0.33307191729545593,
    0.5317726731300354,
    0.9291741847991943,
    0.6074681878089905
  ],
  "scaler_mean": 411.79877253964804,
  "scaler_scale": 105.68656429503498
}