{
  "model": "dlinear",
  "site": "194",
  "seq_len": 192,
  "pred_len": 24,
  "params": 9264,
  "val_mse": 0.040058,
  "mse_float": 0.013567,
  "true_future": [
    -0.16127364337444305,
    -0.39797714352607727,
    -0.7963318228721619,
    -1.2755120992660522,
    -1.1946865320205688,
    -1.2986050844192505,
    -1.5410819053649902,
    -1.5526283979415894,
    -1.656546950340271,
    -1.6276806592941284,
    -0.24209922552108765,
    -0.1959131807088852,
    -0.2478724867105484,
    0.04656357318162918,
    0.2428542822599411,
    0.06388334184885025,
    0.0061507816426455975,
    0.2544007897377014,
    0.07542985677719116,
    0.16780194640159607,
    0.2659473121166229,
    0.10429613292217255,
    0.22553451359272003,
    0.0061507816426455975
  ],
  "scaler_mean": 584.9346078644362,
  "scaler_scale": 173.21247766688717
}