{"model": "linear", "site": "299", "seq_len": 192, "pred_len": 24, "params": 4632, "val_mse": 0.13236, "mse_float": 0.025423, "true_future": [-0.9035418033599854, -0.9035418033599854, -0.9035418033599854, -0.46165046095848083, -0.019759172573685646, -0.46165046095848083, -0.46165046095848083, -0.46165046095848083, -0.46165046095848083, -0.46165046095848083, -0.46165046095848083, -0.46165046095848083, -0.019759172573685646, -0.46165046095848083, -0.9035418033599854, -0.9035418033599854, -0.9035418033599854, -0.9035418033599854, -0.9035418033599854, -0.9035418033599854, -0.9035418033599854, -0.9035418033599854, -0.9035418033599854, -0.9035418033599854], "scaler_mean": 83.83331522919835, "scaler_scale": 92.7829981226505, "fused_from": "linear"}