{
  "model": "dlinear",
  "site": "300",
  "seq_len": 192,
  "pred_len": 24,
  "params": 9264,
  "val_mse": 0.096544,
  "mse_float": 0.048905,
  "true_future": [
    -0.1019352450966835,
    0.09627187997102737,
    -0.11247817426919937,
    -0.36972570419311523,
    -0.8842207789421082,
    -1.0571248531341553,
    -1.0507991313934326,
    -1.0486905574798584,
    -1.0592334270477295,
    -1.0803192853927612,
    -1.1035138368606567,
    -1.1119481325149536,
    -0.9179581999778748,
    -0.5995616316795349,
    0.46738308668136597,
    -0.15464989840984344,
    0.3914739787578583,
    0.7583680152893066,
    0.014037010259926319,
    0.6845675110816956,
    -0.2537534534931183,
    -0.15886707603931427,
    0.2396557629108429,
    0.23754717409610748
  ],
  "scaler_mean": 765.3429285248751,
  "scaler_scale": 474.25136946079397
}