{
  "model": "nlinear",
  "site": "157",
  "seq_len": 192,
  "pred_len": 24,
  "params": 4632,
  "val_mse": 0.056987,
  "mse_float": 0.058872,
  "true_future": [
    0.2591989040374756,
    0.2044784128665924,
    0.014396688900887966,
    -0.5270482301712036,
    -0.8265709280967712,
    -0.9360119104385376,
    -0.984972357749939,
    -0.9561721086502075,
    -0.9504120349884033,
    -0.19584521651268005,
    -0.4982479512691498,
    -0.6508893370628357,
    -0.5270482301712036,
    -0.07200409471988678,
    -0.04896388575434685,
    0.08927736431360245,
    0.1267177015542984,
    0.2015983909368515,
    0.1353577822446823,
    0.04031692445278168,
    0.21311849355697632,
    0.4032002091407776,
    0.4694408178329468,
    0.39168012142181396
  ],
  "scaler_mean": 933.001194872909,
  "scaler_scale": 347.2190768562687
}