{"model": "dlinear", "site": "181", "seq_len": 192, "pred_len": 24, "params": 4632, "val_mse": 0.041768, "mse_float": 0.01044, "true_future": [0.4153895378112793, 0.18195150792598724, 0.06301631778478622, -0.6107035279273987, -1.1913436651229858, -1.2282800674438477, -1.2334511280059814, -1.3634673357009888, -1.413700819015503, -1.1477587223052979, -1.0857056379318237, -0.9645542502403259, -0.6978734135627747, -0.1349627673625946, 0.060800131410360336, 0.5823420286178589, 0.6909350752830505, 0.8069153428077698, 1.0277949571609497, 0.8305546045303345, 0.8054378628730774, 0.7891858816146851, 0.6000714898109436, 0.7751500606536865], "scaler_mean": 3715.6961764066914, "scaler_scale": 1353.6783605670998, "fused_from": "dlinear"}