{"model": "nlinear", "site": "13", "seq_len": 192, "pred_len": 24, "params": 4632, "val_mse": 0.119331, "mse_float": 0.023007, "true_future": [0.25978875160217285, 0.8231233358383179, 1.018123745918274, 0.4764558970928192, -0.1952122449874878, -0.693546712398529, -0.7802135348320007, -1.04021418094635, -0.8885471224784851, -0.9752140045166016, -1.4085482358932495, -1.3218814134597778, -0.8452137112617493, -0.7368801236152649, -0.8452137112617493, -0.8452137112617493, -1.04021418094635, -0.6502132415771484, -0.8018802404403687, -1.1702144145965576, -1.2568812370300293, -0.9535472393035889, -0.7802135348320007, 0.38978904485702515], "scaler_mean": 136.0097762328916, "scaler_scale": 46.153743679478545, "fused_from": "nlinear"}