{
  "model": "dlinear",
  "site": "144",
  "seq_len": 192,
  "pred_len": 24,
  "params": 9264,
  "val_mse": 0.045544,
  "mse_float": 0.065978,
  "true_future": [
    0.11793592572212219,
    -0.03180338442325592,
    -0.5142967104911804,
    -0.6973114609718323,
    -0.8304130434989929,
    -1.1132539510726929,
    -1.079978585243225,
    -1.096616268157959,
    -1.1132539510726929,
    -1.1298916339874268,
    -1.1132539510726929,
    -0.2980065941810608,
    0.2843129336833954,
    0.5172407627105713,
    0.9664586782455444,
    0.7501685619354248,
    0.8499947786331177,
    0.5505161881446838,
    0.7668063044548035,
    0.38413915038108826,
    0.10129822790622711,
    0.10129822790622711,
    0.2676752507686615,
    -0.015165681950747967
  ],
  "scaler_mean": 208.9115250923311,
  "scaler_scale": 60.10445632321777
}