{
  "model": "linear",
  "site": "159",
  "seq_len": 192,
  "pred_len": 24,
  "params": 4632,
  "val_mse": 0.025362,
  "mse_float": 0.032265,
  "true_future": [
    0.18117931485176086,
    0.10008687525987625,
    0.051617830991744995,
    -0.35943692922592163,
    -0.7695596218109131,
    -0.860905110836029,
    -0.9233555793762207,
    -1.1657007932662964,
    -1.007244348526001,
    -0.8870038390159607,
    -0.8683618903160095,
    -0.7816768288612366,
    -0.8422631621360779,
    0.010605564340949059,
    0.14575962722301483,
    0.2846420705318451,
    0.5297835469245911,
    0.5139379501342773,
    0.43004921078681946,
    0.4943638741970062,
    0.4794503450393677,
    0.4002220928668976,
    0.41886404156684875,
    0.38251224160194397
  ],
  "scaler_mean": 3323.6218227243103,
  "scaler_scale": 1072.8497570605277
}