{"model": "nlinear", "site": "217", "seq_len": 192, "pred_len": 24, "params": 4632, "val_mse": 0.025647, "mse_float": 0.028244, "true_future": [0.34876343607902527, -0.0027666143141686916, -0.639914870262146, -1.2734013795852661, -1.3466367721557617, -1.3319896459579468, -1.4125486612319946, -1.4088869094848633, -1.5114164352416992, -1.441842794418335, -0.6582236886024475, -0.2847230136394501, -0.19317872822284698, -0.06135495752096176, 0.011880471371114254, 0.37439584732055664, 0.2498956173658371, 0.42932242155075073, 0.3231310546398163, 0.279189795255661, 0.19130727648735046, 0.22060143947601318, 0.35608699917793274, 0.28285157680511475], "scaler_mean": 718.7555398653052, "scaler_scale": 273.09186349520763, "fused_from": "nlinear"}