{
  "model": "linear",
  "site": "158",
  "seq_len": 192,
  "pred_len": 24,
  "params": 4632,
  "val_mse": 0.033257,
  "mse_float": 0.009011,
  "true_future": [
    -0.07670390605926514,
    -0.0988931655883789,
    -0.17581592500209808,
    -0.31043076515197754,
    -0.8414936661720276,
    -1.0693033933639526,
    -1.234983205795288,
    -1.2764031887054443,
    -1.1240369081497192,
    -1.1832082271575928,
    -1.014569878578186,
    -0.771967351436615,
    -0.5781811475753784,
    -0.35332998633384705,
    0.13779225945472717,
    0.42921116948127747,
    0.48394468426704407,
    0.6008080840110779,
    0.5490331649780273,
    0.4809861183166504,
    0.47063112258911133,
    0.4809861183166504,
    0.5327610373497009,
    0.19992217421531677
  ],
  "scaler_mean": 1753.8520530089072,
  "scaler_scale": 676.0027706095916
}