{"model": "nlinear", "site": "292", "seq_len": 192, "pred_len": 24, "params": 4632, "val_mse": 0.015982, "mse_float": 0.006873, "true_future": [0.6709586381912231, 0.7780548334121704, -0.1277407854795456, -0.5204267501831055, -0.9121606945991516, -1.154911994934082, -1.2096500396728516, -1.2391610145568848, -1.3905235528945923, -1.484768271446228, -1.4766764640808105, -1.4405018091201782, -1.095414161682129, -0.13012069463729858, 0.4239234924316406, 0.6124127507209778, 0.655727207660675, 0.6481114625930786, 0.7171289920806885, 0.6857141256332397, 0.7699630856513977, 0.7613953948020935, 0.7380722165107727, 0.8813431262969971], "scaler_mean": 4233.372583097979, "scaler_scale": 2100.915505830115, "fused_from": "nlinear"}