{
  "model": "linear",
  "site": "200",
  "seq_len": 192,
  "pred_len": 24,
  "params": 4632,
  "val_mse": 0.086503,
  "mse_float": 0.166822,
  "true_future": [
    -0.16073600947856903,
    -0.35771000385284424,
    -0.2413162887096405,
    -0.16073600947856903,
    -1.1948494911193848,
    -1.9514086246490479,
    -1.736527919769287,
    -1.8350149393081665,
    -1.817108154296875,
    -1.8887351751327515,
    -1.1142692565917969,
    -0.10253915935754776,
    -0.20102615654468536,
    -0.3442799746990204,
    -0.13387592136859894,
    -0.12939924001693726,
    -0.08463242650032043,
    -0.11149252206087112,
    -0.0935857892036438,
    0.07652810961008072,
    0.14367833733558655,
    0.0810047909617424,
    -0.10253915935754776,
    -0.2726530432701111
  ],
  "scaler_mean": 791.9051705409515,
  "scaler_scale": 223.3797456733468
}