{
  "model": "dlinear",
  "site": "91",
  "seq_len": 192,
  "pred_len": 24,
  "params": 9264,
  "val_mse": 0.009758,
  "mse_float": 0.002072,
  "true_future": [
    0.025054696947336197,
    0.1730591356754303,
    0.19168907403945923,
    -0.3227039873600006,
    -0.7429124116897583,
    -1.0296063423156738,
    -1.071006178855896,
    -1.1258609294891357,
    -1.2443679571151733,
    -1.2412630319595337,
    -1.0834261178970337,
    -1.0166689157485962,
    -1.013563871383667,
    -0.8365795612335205,
    -0.16693708300590515,
    0.2760412395000458,
    0.08611946552991867,
    0.1187218427658081,
    0.1171693503856659,
    0.12337932735681534,
    0.1187218427658081,
    0.09388193488121033,
    0.07369951158761978,
    0.06593704223632812
  ],
  "scaler_mean": 2927.584944601347,
  "scaler_scale": 1932.374441929635
}