{
  "model": "linear",
  "site": "44",
  "seq_len": 192,
  "pred_len": 24,
  "params": 4632,
  "val_mse": 0.073066,
  "mse_float": 0.032704,
  "true_future": [
    1.0448330640792847,
    0.7936677932739258,
    1.2511473894119263,
    0.4976515769958496,
    -0.4352480471134186,
    -0.668472945690155,
    -0.5787710547447205,
    -0.6864133477210999,
    -0.6953835487365723,
    -0.9555190205574036,
    -1.2874159812927246,
    -0.5339201092720032,
    0.3361881673336029,
    -0.06747031956911087,
    -0.7222940921783447,
    -0.8389065265655518,
    -0.7492046356201172,
    -1.116982340812683,
    -1.1887439489364624,
    -1.116982340812683,
    -1.0721313953399658,
    -1.251535177230835,
    -0.7581748366355896,
    0.5155919194221497
  ],
  "scaler_mean": 273.5216163371714,
  "scaler_scale": 111.4803755169085
}