{"model": "linear", "site": "271", "seq_len": 192, "pred_len": 24, "params": 4632, "val_mse": 0.024013, "mse_float": 0.044729, "true_future": [0.0028601856902241707, -0.12852542102336884, -0.3355572819709778, -1.050878882408142, -1.0707857608795166, -1.0747671127319336, -1.2313681840896606, -1.6414505243301392, -1.573767066001892, -1.585711121559143, -1.0070836544036865, -0.46296149492263794, -0.5279906988143921, -0.0369536317884922, 0.27890264987945557, 0.3067723214626312, 0.4700089693069458, 0.346586138010025, 0.2868654131889343, 0.5111499428749084, 0.4063068628311157, 0.5177855491638184, 0.3704744279384613, 0.23378032445907593], "scaler_mean": 2109.8448294590485, "scaler_scale": 753.5072366941648, "fused_from": "linear"}