{
  "model": "nlinear",
  "site": "124",
  "seq_len": 192,
  "pred_len": 24,
  "params": 4632,
  "val_mse": 0.07119,
  "mse_float": 0.042644,
  "true_future": [
    0.5729290843009949,
    0.2717530131340027,
    -0.3648236393928528,
    -0.6043955087661743,
    -0.597550630569458,
    -0.703646719455719,
    -0.7104916572570801,
    -0.7070691585540771,
    -0.7104916572570801,
    -0.7310263514518738,
    -0.628352701663971,
    0.16907936334609985,
    1.1102545261383057,
    1.4422327280044556,
    1.633890151977539,
    1.5928207635879517,
    1.7194515466690063,
    1.633890151977539,
    1.640735149383545,
    1.6475800275802612,
    1.6646922826766968,
    1.6133555173873901,
    1.4011632204055786,
    1.096564769744873
  ],
  "scaler_mean": 691.5970562676515,
  "scaler_scale": 292.18789744000173
}