{"model": "dlinear", "site": "264", "seq_len": 192, "pred_len": 24, "params": 4632, "val_mse": 0.050683, "mse_float": 0.032903, "true_future": [-0.32978561520576477, -0.21393300592899323, -0.3684031665325165, -1.504044771194458, -1.6842600107192993, -1.2465945482254028, -1.4840209484100342, -1.5312200784683228, -1.40249502658844, -1.5440926551818848, -0.5543394684791565, -0.49712827801704407, -0.9605387449264526, -0.7860446572303772, -0.14384932816028595, -0.22108440101146698, -0.5228732824325562, -0.4256143271923065, -0.5800844430923462, -0.4713832437992096, -0.41989320516586304, -0.3884270489215851, -0.11238317936658859, 0.007760266307741404], "scaler_mean": 2409.574299369976, "scaler_scale": 699.1642107543424, "fused_from": "dlinear"}