{"model": "nlinear", "site": "110", "seq_len": 192, "pred_len": 24, "params": 4632, "val_mse": 0.060482, "mse_float": 0.037359, "true_future": [1.3247809410095215, 0.8476265072822571, -0.43635278940200806, -0.9655604362487793, -1.1217200756072998, -1.1130445003509521, -1.19979989528656, -1.1130445003509521, -1.2084754705429077, -1.2084754705429077, -0.6445656418800354, 0.44855186343193054, 0.4572274088859558, 0.5092806220054626, 0.7521955966949463, 0.5092806220054626, 0.7261689901351929, 0.44855186343193054, 0.57868492603302, 0.3964986503124237, 0.7088179588317871, 0.760871171951294, 0.7088179588317871, 1.0298128128051758], "scaler_mean": 282.29692591787966, "scaler_scale": 115.26665749612255, "fused_from": "nlinear"}