{"model": "nlinear", "site": "OT", "seq_len": 192, "pred_len": 24, "params": 4632, "val_mse": 0.122989, "mse_float": 0.066569, "true_future": [-0.6171703338623047, -0.7831074595451355, -0.9093640446662903, -1.1366257667541504, -1.2051650285720825, -1.210576057434082, -1.3260105848312378, -1.4721075296401978, -1.6308300495147705, -1.4522671699523926, -1.6362409591674805, -1.2484530210494995, -0.6424216032028198, -0.16264675557613373, -0.2654556632041931, 0.1367616355419159, 0.5570155382156372, 0.3099134564399719, 0.21612288057804108, 0.4109187126159668, 0.546193540096283, 0.9935024976730347, 0.6111255288124084, 0.1800495833158493], "scaler_mean": 3361.175700630024, "scaler_scale": 554.4267023823821, "fused_from": "nlinear"}