{
  "model": "dlinear",
  "site": "9",
  "seq_len": 192,
  "pred_len": 24,
  "params": 9264,
  "val_mse": 0.222641,
  "mse_float": 0.29731,
  "true_future": [
    -0.8170813322067261,
    -0.550095796585083,
    0.17457926273345947,
    -0.14961746335029602,
    -0.3689270317554474,
    -0.4738142192363739,
    -0.4928846061229706,
    -0.607306957244873,
    -0.607306957244873,
    -0.7694053649902344,
    -1.4940804243087769,
    -1.1508132219314575,
    -1.1317428350448608,
    -1.2461652755737305,
    -1.2557004690170288,
    -1.1317428350448608,
    0.6131983995437622,
    1.4809013605117798,
    1.433225393295288,
    1.3378734588623047,
    0.8801839351654053,
    -0.25450465083122253,
    -0.35939183831214905,
    0.8706487417221069
  ],
  "scaler_mean": 230.69107104062567,
  "scaler_scale": 104.87459090821935
}