{"model": "linear", "site": "297", "seq_len": 192, "pred_len": 24, "params": 4632, "val_mse": 0.03735, "mse_float": 0.00469, "true_future": [0.6719659566879272, 0.44724902510643005, 0.2017599195241928, 0.07901535928249359, -0.5800284743309021, -1.2843934297561646, -1.3278261423110962, -1.4751195907592773, -1.5846455097198486, -1.5827571153640747, -1.4335752725601196, -1.4373520612716675, -1.2673979997634888, -0.7008846402168274, -0.19668780267238617, 0.4906817078590393, 0.858915388584137, 0.7739383578300476, 0.8324781060218811, 0.700291633605957, 0.6795194745063782, 0.6738543510437012, 0.7191754579544067, 0.6228681802749634], "scaler_mean": 1176.15701716272, "scaler_scale": 529.5550536107262, "fused_from": "linear"}