{
  "model": "linear",
  "site": "121",
  "seq_len": 192,
  "pred_len": 24,
  "params": 4632,
  "val_mse": 0.316296,
  "mse_float": 0.115085,
  "true_future": [
    -0.7254272103309631,
    -0.509010910987854,
    -0.18438643217086792,
    0.24844622611999512,
    -0.509010910987854,
    -0.07617826014757156,
    -0.509010910987854,
    -0.617219090461731,
    -0.7254272103309631,
    -0.7254272103309631,
    -0.40080276131629944,
    -1.1582598686218262,
    -0.8336353898048401,
    -0.7254272103309631,
    -0.8336353898048401,
    -0.7254272103309631,
    -0.509010910987854,
    -0.2925945818424225,
    0.14023806154727936,
    -0.7254272103309631,
    0.3566543757915497,
    -0.40080276131629944,
    -0.7254272103309631,
    -0.40080276131629944
  ],
  "scaler_mean": 96.70399739300456,
  "scaler_scale": 9.241447084776215
}