{"model": "dlinear", "site": "277", "seq_len": 192, "pred_len": 24, "params": 4632, "val_mse": 0.066963, "mse_float": 0.019235, "true_future": [0.16403663158416748, 0.1783810406923294, 0.12100338190793991, -0.6908904910087585, -1.0236809253692627, -1.6949995756149292, -1.9015591144561768, -1.9216413497924805, -1.9445923566818237, -1.996232271194458, -1.8470503091812134, -0.08842507749795914, -0.6994971632957458, -0.21178704500198364, 0.06362572312355042, -0.1802293360233307, -0.15727826952934265, -0.39252665638923645, -0.3035913109779358, -0.10276948660612106, -0.2404758781194687, -0.10276948660612106, 0.1123967319726944, 0.22428317368030548], "scaler_mean": 1327.822126873778, "scaler_scale": 348.5677200905313, "fused_from": "dlinear"}