{"model": "nlinear", "site": "94", "seq_len": 192, "pred_len": 24, "params": 4632, "val_mse": 0.005586, "mse_float": 0.002808, "true_future": [0.05947565287351608, 0.1468881070613861, -0.14321987330913544, -0.7069668173789978, -1.216239333152771, -1.2643795013427734, -1.2745143175125122, -1.2859158515930176, -1.3036518096923828, -1.3036518096923828, -1.2719805240631104, -1.2092716693878174, -1.037613868713379, -0.7348374128341675, 0.18045954406261444, 0.16715764999389648, 0.15575602650642395, 0.17475873231887817, 0.19946224987506866, 0.17602558434009552, 0.17792585492134094, 0.12218458205461502, 0.07151070237159729, 0.1202843114733696], "scaler_mean": 2364.1044427547254, "scaler_scale": 1578.722560728733, "fused_from": "nlinear"}