{
  "model": "dlinear",
  "site": "232",
  "seq_len": 192,
  "pred_len": 24,
  "params": 9264,
  "val_mse": 0.054408,
  "mse_float": 0.038261,
  "true_future": [
    0.5643404126167297,
    0.6517114043235779,
    0.040114253759384155,
    -0.8700005412101746,
    -0.8627196550369263,
    -0.8263150453567505,
    -0.9209669828414917,
    -1.0010571479797363,
    -1.0447425842285156,
    -1.3942266702651978,
    -1.28501296043396,
    -0.24384157359600067,
    0.09836160391569138,
    0.17845170199871063,
    0.46968844532966614,
    0.8118916153907776,
    0.4915311932563782,
    0.6735541820526123,
    0.5133739709854126,
    0.5789022445678711,
    0.5060930252075195,
    0.7099587917327881,
    0.571621298789978,
    0.7390824556350708
  ],
  "scaler_mean": 519.4904953291332,
  "scaler_scale": 137.3453075547721
}