{
  "model": "dlinear",
  "site": "230",
  "seq_len": 192,
  "pred_len": 24,
  "params": 9264,
  "val_mse": 0.03555,
  "mse_float": 0.033266,
  "true_future": [
    0.3653550148010254,
    0.1852302998304367,
    0.034314997494220734,
    -0.8030215501785278,
    -1.2801085710525513,
    -1.1778756380081177,
    -1.2022168636322021,
    -1.3482638597488403,
    -1.4164191484451294,
    -1.484574556350708,
    -1.5235203504562378,
    -0.6861838698387146,
    -1.1924803256988525,
    -0.31132972240448,
    0.16575735807418823,
    0.30693620443344116,
    0.35075029730796814,
    0.2582538425922394,
    0.20470324158668518,
    0.24364912509918213,
    0.2339126616716385,
    0.1803620606660843,
    0.6087667942047119,
    0.5503479838371277
  ],
  "scaler_mean": 1989.8537366934609,
  "scaler_scale": 616.239692426833
}