{
  "model": "nlinear",
  "site": "19",
  "seq_len": 192,
  "pred_len": 24,
  "params": 4632,
  "val_mse": 0.310533,
  "mse_float": 0.063318,
  "true_future": [
    -0.21730321645736694,
    -0.5182456970214844,
    -0.3462785482406616,
    -0.5827333331108093,
    -0.647221028804779,
    -0.9696593284606934,
    -1.034147024154663,
    -1.0986347198486328,
    -1.0556429624557495,
    -1.2061141729354858,
    -1.636031985282898,
    -1.378081202507019,
    0.5995405912399292,
    1.9752775430679321,
    2.383699417114258,
    1.8248063325881958,
    -0.3892703354358673,
    -0.604229211807251,
    1.6313432455062866,
    1.6313432455062866,
    2.125748634338379,
    1.7173268795013428,
    0.6855241656303406,
    0.7500118017196655
  ],
  "scaler_mean": 110.1090593091462,
  "scaler_scale": 46.520522061699516
}