{"model": "linear", "site": "17", "seq_len": 192, "pred_len": 24, "params": 4632, "val_mse": 0.368349, "mse_float": 0.270306, "true_future": [1.6084688901901245, 1.7450902462005615, 2.0411031246185303, 1.471847653388977, 0.5382686257362366, -0.5547019243240356, -0.8734850287437439, -0.9417956471443176, -1.1467276811599731, -1.2150382995605469, -1.8070640563964844, -0.2814593017101288, 1.0164432525634766, 0.6065792441368103, 0.31056639552116394, 0.46995794773101807, -0.3497699499130249, -0.19037842750549316, 0.5154983997344971, 0.28779616951942444, 0.19671531021595, 0.44718772172927856, 0.6065792441368103, 1.153064489364624], "scaler_mean": 160.36085161850966, "scaler_scale": 43.91701169279043, "fused_from": "linear"}