{"model": "linear", "site": "12", "seq_len": 192, "pred_len": 24, "params": 4632, "val_mse": 0.124964, "mse_float": 0.038583, "true_future": [-0.5049890279769897, -0.28230875730514526, -0.09892498701810837, -0.4394948184490204, -0.49189019203186035, -0.5835820436477661, -0.6752739548683167, -0.7407681345939636, -0.7669658064842224, -0.9503495693206787, -1.2123264074325562, -0.9765473008155823, -0.2168145477771759, 0.4643251299858093, 0.6346100568771362, 0.765598475933075, 0.5691158771514893, 0.38573208451271057, 0.6084123849868774, 0.4905228316783905, 0.42502862215042114, 0.42502862215042114, 0.1630518138408661, -0.033430784940719604], "scaler_mean": 181.5521942211601, "scaler_scale": 76.34263740514871, "fused_from": "linear"}