{
  "model": "nlinear",
  "site": "296",
  "seq_len": 192,
  "pred_len": 24,
  "params": 4632,
  "val_mse": 0.039521,
  "mse_float": 0.012552,
  "true_future": [
    0.7253425121307373,
    0.19463929533958435,
    -0.14269372820854187,
    -0.24690350890159607,
    -0.6038290858268738,
    -1.2359025478363037,
    -1.244421124458313,
    -1.421322226524353,
    -1.5048035383224487,
    -1.4900381565093994,
    -1.3815691471099854,
    -1.2015446424484253,
    -1.083989143371582,
    -0.5064341425895691,
    0.21252816915512085,
    0.7048981189727783,
    0.8298362493515015,
    0.8352313041687012,
    0.7804288864135742,
    0.8108115792274475,
    0.836651086807251,
    0.8585152626037598,
    0.7199474573135376,
    0.6512314677238464
  ],
  "scaler_mean": 8601.530523571584,
  "scaler_scale": 3521.7423691516246
}