{
  "model": "dlinear",
  "site": "315",
  "seq_len": 192,
  "pred_len": 24,
  "params": 9264,
  "val_mse": 0.027,
  "mse_float": 0.029566,
  "true_future": [
    0.6101729273796082,
    0.4717017710208893,
    -0.35942983627319336,
    -0.7358315587043762,
    -1.1746113300323486,
    -1.2346527576446533,
    -1.2530410289764404,
    -1.2622860670089722,
    -1.2691943645477295,
    -1.2668577432632446,
    -1.1561213731765747,
    -1.1238149404525757,
    -0.98747718334198,
    0.6517243981361389,
    0.4900900721549988,
    0.7142040133476257,
    0.6402444243431091,
    0.4463035464286804,
    0.9589413404464722,
    0.852573573589325,
    1.0811576843261719,
    0.9472581744194031,
    0.9866762161254883,
    0.9241966009140015
  ],
  "scaler_mean": 16017.94210297632,
  "scaler_scale": 9843.206601453987
}