{
  "model": "nlinear",
  "site": "293",
  "seq_len": 192,
  "pred_len": 24,
  "params": 4632,
  "val_mse": 0.042476,
  "mse_float": 0.022149,
  "true_future": [
    0.06677722185850143,
    0.37953177094459534,
    0.3420012295246124,
    -0.5946986675262451,
    -1.198314905166626,
    -1.3062152862548828,
    -1.3249804973602295,
    -1.3281080722808838,
    -1.3374906778335571,
    -1.3109065294265747,
    -1.3155978918075562,
    -1.2061338424682617,
    -1.192059874534607,
    -0.7557672262191772,
    -0.585316002368927,
    -0.3929719626903534,
    -0.1896815150976181,
    -0.11149287223815918,
    -0.05832459777593613,
    -0.005156322382390499,
    0.0542670413851738,
    -0.009847640991210938,
    -0.022357823327183723,
    0.05583081394433975
  ],
  "scaler_mean": 1127.2973604171193,
  "scaler_scale": 639.4790993597114
}