{
  "model": "nlinear",
  "site": "298",
  "seq_len": 192,
  "pred_len": 24,
  "params": 4632,
  "val_mse": 2.856349,
  "mse_float": 0.111182,
  "true_future": [
    1.1561839580535889,
    1.1561839580535889,
    1.1561839580535889,
    1.1561839580535889,
    1.1561839580535889,
    0.58029705286026,
    1.732070803642273,
    0.58029705286026,
    1.1561839580535889,
    1.1561839580535889,
    1.1561839580535889,
    1.1561839580535889,
    1.1561839580535889,
    1.1561839580535889,
    1.1561839580535889,
    1.1561839580535889,
    1.1561839580535889,
    1.1561839580535889,
    1.1561839580535889,
    1.1561839580535889,
    1.1561839580535889,
    1.1561839580535889,
    1.6600849628448486,
    1.1561839580535889
  ],
  "scaler_mean": 7.938735607212688,
  "scaler_scale": 13.89161689951256
}