{"model": "nlinear", "site": "63", "seq_len": 192, "pred_len": 24, "params": 4632, "val_mse": 0.089086, "mse_float": 0.047632, "true_future": [0.44779935479164124, 0.670271635055542, 0.9504219889640808, 0.3406830430030823, -0.4338501989841461, -0.7304799556732178, -0.9611919522285461, -0.9776713848114014, -1.0600684881210327, -1.0518288612365723, -1.4390954971313477, -1.0518288612365723, -0.6068841814994812, -0.5327267646789551, -0.5409665107727051, -0.4091310501098633, -0.4750487506389618, -0.5327267646789551, -0.7551990747451782, -0.6975210905075073, -0.7222402095794678, -0.5821650624275208, 0.09349159151315689, 0.6867510676383972], "scaler_mean": 389.653541168803, "scaler_scale": 121.36341714554037, "fused_from": "nlinear"}