{
  "model": "nlinear",
  "site": "180",
  "seq_len": 192,
  "pred_len": 24,
  "params": 4632,
  "val_mse": 0.0343,
  "mse_float": 0.017315,
  "true_future": [
    0.46265867352485657,
    0.2989022433757782,
    -0.2985873520374298,
    -0.958038866519928,
    -1.170479655265808,
    -1.1439244747161865,
    -1.1483503580093384,
    -1.1970347166061401,
    -1.2103122472763062,
    -1.24129319190979,
    -0.679210364818573,
    -0.6703586578369141,
    -0.7234688401222229,
    0.23694036900997162,
    0.2413662225008011,
    0.26349547505378723,
    0.30332809686660767,
    0.4006967842578888,
    0.325457364320755,
    0.6042858362197876,
    0.5334722399711609,
    0.5113430023193359,
    0.4184001684188843,
    0.5378981232643127
  ],
  "scaler_mean": 620.4644253747556,
  "scaler_scale": 225.9453478667041
}