{"model": "dlinear", "site": "240", "seq_len": 192, "pred_len": 24, "params": 4632, "val_mse": 0.041957, "mse_float": 0.046176, "true_future": [-0.18960168957710266, -0.023986753076314926, -0.15987594425678253, -0.6694603562355042, -1.0686348676681519, -1.1323329210281372, -1.4295904636383057, -1.58671236038208, -1.8754768371582031, -1.888216495513916, -1.6673965454101562, -0.4698731303215027, -0.559050440788269, -0.28727203607559204, -0.15138286352157593, -0.03247982636094093, -0.06645212322473526, 0.1416281908750534, 0.05669745057821274, -0.045219436287879944, 0.026971690356731415, 0.33696889877319336, -0.05371251329779625, -0.1259036362171173], "scaler_mean": 1093.6485444275472, "scaler_scale": 235.4859970997341, "fused_from": "dlinear"}