{
  "model": "dlinear",
  "site": "64",
  "seq_len": 192,
  "pred_len": 24,
  "params": 9264,
  "val_mse": 0.0468,
  "mse_float": 0.033605,
  "true_future": [
    1.1756430864334106,
    1.096322774887085,
    0.17847269773483276,
    -0.37676993012428284,
    -0.7167144417762756,
    -0.7847033143043518,
    -0.9433440566062927,
    -1.0793218612670898,
    -1.1699737310409546,
    -1.1019848585128784,
    -1.4192663431167603,
    -0.9093496203422546,
    0.34844493865966797,
    0.7903727293014526,
    0.5070856809616089,
    0.09915231913328171,
    -0.5014162659645081,
    -0.9773384928703308,
    -0.7620403170585632,
    -0.5807366371154785,
    -0.6940514445304871,
    -0.6260625720024109,
    -0.660057008266449,
    0.2577930688858032
  ],
  "scaler_mean": 189.24983706278513,
  "scaler_scale": 88.24970705086751
}