{
  "model": "dlinear",
  "site": "61",
  "seq_len": 192,
  "pred_len": 24,
  "params": 9264,
  "val_mse": 0.117111,
  "mse_float": 0.067107,
  "true_future": [
    0.7876908183097839,
    1.0018389225006104,
    1.1770509481430054,
    0.5151387453079224,
    -0.2246454805135727,
    -0.6529415845870972,
    -1.0033657550811768,
    -0.944961667060852,
    -1.120173692703247,
    -1.1591097116470337,
    -1.1591097116470337,
    -0.7502816319465637,
    -0.769749641418457,
    -0.8476216793060303,
    -1.0423017740249634,
    -0.9060256481170654,
    -0.6334735751152039,
    -1.1591097116470337,
    -1.1785777807235718,
    -1.1007057428359985,
    -0.8865576982498169,
    -0.5166655778884888,
    0.20365065336227417,
    0.20365065336227417
  ],
  "scaler_mean": 170.53921355637627,
  "scaler_scale": 51.36632963437353
}