{
  "model": "dlinear",
  "site": "95",
  "seq_len": 192,
  "pred_len": 24,
  "params": 9264,
  "val_mse": 0.035768,
  "mse_float": 0.032929,
  "true_future": [
    0.48830920457839966,
    0.01882605254650116,
    -0.1392984837293625,
    -0.47836965322494507,
    -0.9625241160392761,
    -1.1010868549346924,
    -1.097826600074768,
    -1.1043472290039062,
    -1.1043472290039062,
    -1.0880457162857056,
    -0.9788256287574768,
    -0.9478527903556824,
    -0.8125503659248352,
    -0.5533565282821655,
    -0.32839587330818176,
    0.16227923333644867,
    0.47526800632476807,
    0.46874740719795227,
    0.4524458944797516,
    0.472007691860199,
    0.47526800632476807,
    0.463856965303421,
    0.44755545258522034,
    0.43125396966934204
  ],
  "scaler_mean": 876.4513360851619,
  "scaler_scale": 613.4405482923514
}