{
  "model": "linear",
  "site": "119",
  "seq_len": 192,
  "pred_len": 24,
  "params": 4632,
  "val_mse": 0.095183,
  "mse_float": 0.090284,
  "true_future": [
    -0.6258766651153564,
    -1.0297832489013672,
    -1.1015479564666748,
    -1.0564650297164917,
    -1.051864743232727,
    -1.1411105394363403,
    -1.1779130697250366,
    -1.2229959964752197,
    -1.2441574335098267,
    -1.298440933227539,
    -1.2009145021438599,
    -1.2128753662109375,
    -1.0785465240478516,
    -0.7464046478271484,
    -0.19896858930587769,
    -0.27533361315727234,
    -0.3158162832260132,
    -0.060959506779909134,
    -0.06924005597829819,
    0.08717024326324463,
    0.31258508563041687,
    0.22333920001983643,
    0.2997042238712311,
    -0.032437629997730255
  ],
  "scaler_mean": 11106.255974364545,
  "scaler_scale": 1086.8849833401212
}