{"model": "nlinear", "site": "136", "seq_len": 192, "pred_len": 24, "params": 4632, "val_mse": 0.045561, "mse_float": 0.017515, "true_future": [0.06437812745571136, -0.3007084131240845, -0.4773631989955902, -0.41258978843688965, -0.7482338547706604, -1.3017522096633911, -1.5902882814407349, -1.8788244724273682, -1.8258280754089355, -1.8493820428848267, -1.0956549644470215, 0.41179919242858887, 0.2410328984260559, 0.0820436030626297, 0.09970907866954803, 0.4235761761665344, 0.3234718143939972, 0.12915153801441193, 0.35880276560783386, 0.158594012260437, 0.20570194721221924, 0.3764682412147522, 0.22925591468811035, 0.23514440655708313], "scaler_mean": 543.0671301325223, "scaler_scale": 169.8227470811785, "fused_from": "nlinear"}