{"model": "linear", "site": "175", "seq_len": 192, "pred_len": 24, "params": 4632, "val_mse": 0.023773, "mse_float": 0.007313, "true_future": [0.23104405403137207, 0.16349606215953827, 0.09766250103712082, -0.3367704749107361, -1.2820993661880493, -1.4758282899856567, -1.4792572259902954, -1.482343077659607, -1.5745786428451538, -1.5769789218902588, -1.3091871738433838, -1.0691689252853394, -0.9155572652816772, -0.11561083048582077, 0.2718471586704254, 0.2793905735015869, 0.319507896900177, 0.36888307332992554, 0.32533693313598633, 0.3445383906364441, 0.3846557140350342, 0.33116593956947327, 0.2550458610057831, 0.25573164224624634], "scaler_mean": 8558.172659135347, "scaler_scale": 2916.445330882647, "fused_from": "linear"}