{"model": "dlinear", "site": "109", "seq_len": 192, "pred_len": 24, "params": 4632, "val_mse": 0.043214, "mse_float": 0.02082, "true_future": [1.2405308485031128, 0.8618869185447693, -0.6923559904098511, -1.2044267654418945, -1.2693371772766113, -1.2729432582855225, -1.2729432582855225, -1.2801555395126343, -1.2765494585037231, -1.3017923831939697, -0.9519975185394287, 0.7933704257011414, 0.9808892607688904, 1.0854671001434326, 0.9989199638366699, 1.128740668296814, 1.236924648284912, 1.0998916625976562, 1.0421935319900513, 1.175620436668396, 1.1431652307510376, 1.2008633613586426, 1.1828327178955078, 1.3992005586624146], "scaler_mean": 528.9940799478601, "scaler_scale": 277.3054257889518, "fused_from": "dlinear"}