{"model": "linear", "site": "305", "seq_len": 192, "pred_len": 24, "params": 4632, "val_mse": 0.072688, "mse_float": 0.024771, "true_future": [0.44818833470344543, 0.3348333239555359, 0.3348333239555359, 0.16749970614910126, -0.7447383999824524, -0.8688891530036926, -0.7879213094711304, -0.8553945422172546, -1.0497174263000488, -1.0497174263000488, -1.0470185279846191, -1.0416206121444702, -0.9093731045722961, -0.671867311000824, 0.7099844813346863, 0.836834192276001, 0.7072855830192566, 0.6748983860015869, 0.9231998920440674, 0.9124041795730591, 0.8908127546310425, 0.7288770079612732, 0.6371133923530579, 0.604726254940033], "scaler_mean": 468.9384640451879, "scaler_scale": 370.5172974946832, "fused_from": "linear"}