{"model": "linear", "site": "129", "seq_len": 192, "pred_len": 24, "params": 4632, "val_mse": 0.154764, "mse_float": 0.172225, "true_future": [0.6514071226119995, 1.0978854894638062, 1.0930324792861938, 1.1367096900939941, 1.190092921257019, 1.1609748601913452, 1.2434762716293335, 1.4570093154907227, 0.8843523859977722, 0.7047904133796692, 1.034796118736267, 0.369931697845459, 0.0350729376077652, -0.47449472546577454, -0.43567052483558655, 0.3311074674129486, 0.5931708216667175, 0.4136089086532593, 0.43787404894828796, 0.3747847080230713, 0.7678797841072083, 1.0881794691085815, 1.1658278703689575, 1.1609748601913452], "scaler_mean": 273.77297414729526, "scaler_scale": 206.05703450299734, "fused_from": "linear"}