{
  "model": "dlinear",
  "site": "69",
  "seq_len": 192,
  "pred_len": 24,
  "params": 9264,
  "val_mse": 0.083357,
  "mse_float": 0.050085,
  "true_future": [
    -0.5560171604156494,
    -0.23366230726242065,
    0.06720219552516937,
    -0.2981332838535309,
    -0.8353913426399231,
    -1.0717848539352417,
    -1.1792364120483398,
    -1.2007267475128174,
    -1.3726493120193481,
    -1.4156299829483032,
    -1.2866880893707275,
    -0.9213526248931885,
    -0.8568816184997559,
    -0.8998622894287109,
    -0.7709203362464905,
    -0.792410671710968,
    -0.5989977717399597,
    -1.1577461957931519,
    -1.26519775390625,
    -1.1147655248641968,
    -1.0288041830062866,
    -0.42707520723342896,
    -0.061739739030599594,
    -0.19068166613578796
  ],
  "scaler_mean": 167.8729089724093,
  "scaler_scale": 46.532574635695376
}