{"model": "dlinear", "site": "316", "seq_len": 192, "pred_len": 24, "params": 4632, "val_mse": 0.021309, "mse_float": 0.052913, "true_future": [0.14049199223518372, 0.32762211561203003, 0.31982502341270447, -0.4014056324958801, -1.0563610792160034, -1.0680567026138306, -1.0680567026138306, -1.0797523260116577, -1.0641582012176514, -1.0758538246154785, -1.0641582012176514, -0.9666945338249207, -0.342927485704422, -0.3195362091064453, -0.14800027012825012, -0.10121773928403854, -0.10511628538370132, -0.09731920063495636, -0.11681191623210907, -0.09342065453529358, -0.1285075545310974, -0.10511628538370132, -0.1285075545310974, -0.12071046233177185], "scaler_mean": 352.9629589398219, "scaler_scale": 256.50600666334776, "fused_from": "dlinear"}