{"model": "linear", "site": "87", "seq_len": 192, "pred_len": 24, "params": 4632, "val_mse": 0.153448, "mse_float": 0.13348, "true_future": [-0.26556873321533203, -0.13684028387069702, 0.030966458842158318, -0.14603516459465027, -0.6402605175971985, -0.7138196229934692, -0.7322093844413757, -0.6908323764801025, -0.6954298615455627, -0.5667014122009277, -0.5391167402267456, -0.44027164578437805, 0.8355193138122559, 2.244636297225952, 2.106712818145752, 2.2998056411743164, 2.975630044937134, 2.4676122665405273, 1.9320099353790283, 1.5803054571151733, 1.7665019035339355, 1.3757190704345703, 0.8447142243385315, 0.29991698265075684], "scaler_mean": 762.5288398870302, "scaler_scale": 435.02424286416056, "fused_from": "linear"}