{"model": "dlinear", "site": "248", "seq_len": 192, "pred_len": 24, "params": 4632, "val_mse": 0.06874, "mse_float": 0.024695, "true_future": [-0.061277326196432114, 0.09271571785211563, -0.5799907445907593, -1.4391098022460938, -1.6052602529525757, -1.5404210090637207, -1.7308861017227173, -1.7227813005447388, -1.7876204252243042, -1.8240925073623657, -0.31252914667129517, -0.5718858242034912, -0.6610397100448608, -0.39357811212539673, -0.3246864974498749, -0.008595496416091919, 0.22644652426242828, 0.06434857845306396, -0.11395915597677231, -0.02885773964226246, 0.07245347648859024, 0.1210828572511673, 0.5911669135093689, 0.5141703486442566], "scaler_mean": 1072.1210623506408, "scaler_scale": 246.76438894527047, "fused_from": "dlinear"}