{
  "model": "nlinear",
  "site": "163",
  "seq_len": 192,
  "pred_len": 24,
  "params": 4632,
  "val_mse": 0.038291,
  "mse_float": 0.033349,
  "true_future": [
    0.15542545914649963,
    0.28237107396125793,
    0.21329772472381592,
    -0.371025413274765,
    -1.2577778100967407,
    -1.550872802734375,
    -1.6292803287506104,
    -1.6386146545410156,
    -1.6050113439559937,
    -1.3221840858459473,
    -1.2176406383514404,
    -1.2008389234542847,
    -0.704257607460022,
    0.1516917645931244,
    0.18249474465847015,
    0.251568078994751,
    0.2805042266845703,
    0.3477107286453247,
    0.27583709359169006,
    0.32717540860176086,
    0.29917269945144653,
    0.28330448269844055,
    0.2627691626548767,
    0.2954390048980713
  ],
  "scaler_mean": 3514.4888116445795,
  "scaler_scale": 1071.3250051235814
}