{
  "model": "dlinear",
  "site": "226",
  "seq_len": 192,
  "pred_len": 24,
  "params": 9264,
  "val_mse": 0.040943,
  "mse_float": 0.043442,
  "true_future": [
    0.15056675672531128,
    0.4864617586135864,
    0.19685617089271545,
    -0.7526702880859375,
    -1.4861794710159302,
    -1.5609546899795532,
    -1.8648031949996948,
    -2.021475076675415,
    -1.9277093410491943,
    -1.946699857711792,
    -0.37642043828964233,
    -0.006105111911892891,
    -0.05358143523335457,
    -0.13429118692874908,
    0.22534197568893433,
    0.47815340757369995,
    0.3274160623550415,
    0.14344531297683716,
    0.16362275183200836,
    0.1980430781841278,
    0.15650129318237305,
    0.2716313898563385,
    0.37489238381385803,
    0.4413592517375946
  ],
  "scaler_mean": 3163.143710623506,
  "scaler_scale": 842.5252031169983
}