{"model": "nlinear", "site": "228", "seq_len": 192, "pred_len": 24, "params": 4632, "val_mse": 0.039829, "mse_float": 0.01928, "true_future": [0.12472086399793625, 0.2942240834236145, 0.10588717460632324, -0.6223489046096802, -1.3003617525100708, -1.5075323581695557, -1.5703113079071045, -1.5703113079071045, -1.6079787015914917, -1.689591407775879, -0.4277340769767761, -0.3900666832923889, -0.23939715325832367, -0.08244973421096802, 0.2753903865814209, 0.3507251441478729, 0.40722623467445374, 0.08077558130025864, 0.08705348521471024, 0.15611034631729126, 0.14355455338954926, 0.6583421230316162, 0.5641736388206482, 0.3005019724369049], "scaler_mean": 596.1333369541603, "scaler_scale": 159.28901095275617, "fused_from": "nlinear"}