{"model": "dlinear", "site": "285", "seq_len": 192, "pred_len": 24, "params": 4632, "val_mse": 0.024777, "mse_float": 0.012948, "true_future": [0.6642047762870789, 0.686566174030304, 0.0902625024318695, -0.1333513706922531, -0.9681764841079712, -1.415404200553894, -1.489942193031311, -1.4824883937835693, -1.4750345945358276, -1.4303117990493774, -1.020353078842163, -0.37187281250953674, 0.11262388527393341, 0.22443082928657532, 0.2766073942184448, 0.6194819808006287, 0.48531365394592285, 0.46295228600502014, 0.47040608525276184, 0.38096052408218384, 0.32133015990257263, 0.530036449432373, 0.7089275121688843, 0.7461965084075928], "scaler_mean": 342.89039756680427, "scaler_scale": 134.1598366325687, "fused_from": "dlinear"}