{"model": "dlinear", "site": "156", "seq_len": 192, "pred_len": 24, "params": 4632, "val_mse": 0.049267, "mse_float": 0.104444, "true_future": [0.23567508161067963, -0.11327376216650009, -0.4268220067024231, -0.7201412916183472, -0.9881744980812073, -1.1247197389602661, -1.0994335412979126, -1.1196624040603638, -1.0589756965637207, -1.0438040494918823, -0.43693646788597107, -0.7959997653961182, -0.5583099722862244, 0.17498832941055298, 0.49865102767944336, 0.34187689423561096, 0.3621058166027069, 0.38739198446273804, 0.5947383642196655, 0.7515125274658203, 0.8324281573295593, 0.8577143549919128, 0.5492233037948608, 0.15475940704345703], "scaler_mean": 632.3983814903324, "scaler_scale": 197.7367201534772, "fused_from": "dlinear"}