{"model": "linear", "site": "309", "seq_len": 192, "pred_len": 24, "params": 4632, "val_mse": 0.0237, "mse_float": 0.020477, "true_future": [0.02930329367518425, 0.027006955817341805, 0.022873545065522194, -0.020297633484005928, -0.6504131555557251, -1.014153242111206, -1.0343610048294067, -1.0476797819137573, -1.1312665939331055, -1.131725788116455, -1.1473408937454224, -1.1597411632537842, -1.144126057624817, -0.8456019759178162, -0.19298234581947327, -0.22788670659065247, -0.225131094455719, -0.04877224192023277, 0.0522666871547699, 0.07890421897172928, 0.044459134340286255, 0.07339300960302353, 0.14320172369480133, 0.1569797545671463], "scaler_mean": 3334.1956332826417, "scaler_scale": 2177.378615866063, "fused_from": "linear"}