{"model": "dlinear", "site": "14", "seq_len": 192, "pred_len": 24, "params": 4632, "val_mse": 0.10449, "mse_float": 0.024829, "true_future": [0.39843279123306274, 0.11952003836631775, 0.3054618835449219, -0.12220434099435806, -0.9217542409896851, -1.1076960563659668, -1.3680145740509033, -1.4981739521026611, -1.4052029848098755, -1.572550654411316, -1.8328691720962524, -1.0147250890731812, -0.7172182202339172, -0.38252291083335876, -0.21517525613307953, -0.15939271450042725, -0.19658108055591583, -0.36392873525619507, -0.2523636221885681, 0.007954941131174564, -0.17798689007759094, -0.06642179191112518, 0.15670840442180634, 0.6029688119888306], "scaler_mean": 200.57218118618292, "scaler_scale": 53.78025906409599, "fused_from": "dlinear"}