{"model": "nlinear", "site": "294", "seq_len": 192, "pred_len": 24, "params": 4632, "val_mse": 0.032254, "mse_float": 0.029831, "true_future": [0.4973267614841461, 0.11692441999912262, -0.2399478703737259, -0.6811361312866211, -0.9380057454109192, -0.9536924362182617, -0.9595749378204346, -0.971340000629425, -0.9595749378204346, -0.9497707486152649, -0.9262407422065735, -0.9164365530014038, -0.914475679397583, -0.6889795064926147, -0.46936577558517456, -0.3870106339454651, 0.8992983102798462, 0.19731873273849487, 0.22084876894950867, 0.3620290160179138, 0.3208514451980591, 0.4306583106517792, 0.2384963035583496, 0.25418299436569214], "scaler_mean": 611.3701390397567, "scaler_scale": 509.98636285150405, "fused_from": "nlinear"}