{"model": "dlinear", "site": "125", "seq_len": 192, "pred_len": 24, "params": 4632, "val_mse": 0.229989, "mse_float": 0.441557, "true_future": [0.004464531783014536, 0.09579892456531525, 0.5981380939483643, -0.6348762512207031, -0.6348762512207031, -0.6348762512207031, -0.6348762512207031, -0.5892090201377869, -0.5892090201377869, -0.5892090201377869, -0.8175450563430786, -0.8175450563430786, -0.8175450563430786, -0.7718778252601624, -0.5435418486595154, 1.2374788522720337, 0.004464531783014536, 0.23280052840709686, 1.0091428756713867, 0.23280052840709686, 1.1004773378372192, 0.14146612584590912, 0.23280052840709686, 0.5068036913871765], "scaler_mean": 134.90223767108407, "scaler_scale": 21.897555443021126, "fused_from": "dlinear"}