{
  "model": "nlinear",
  "site": "52",
  "seq_len": 192,
  "pred_len": 24,
  "params": 4632,
  "val_mse": 0.178415,
  "mse_float": 0.108574,
  "true_future": [
    -0.5857893228530884,
    0.16354283690452576,
    0.2344256043434143,
    0.17366895079612732,
    -0.31238433718681335,
    -0.17061880230903625,
    -0.26175379753112793,
    -0.3528887927532196,
    -0.31238433718681335,
    -0.8996987342834473,
    -1.9528142213821411,
    -1.9730664491653442,
    -1.3452476263046265,
    -0.525032639503479,
    -0.8389420509338379,
    -0.5756632089614868,
    -0.5351587533950806,
    -0.4744020998477936,
    -0.48452821373939514,
    -0.8085637092590332,
    -0.7883115410804749,
    -0.7984376549720764,
    -0.7073026299476624,
    -0.5756632089614868
  ],
  "scaler_mean": 312.8493917010645,
  "scaler_scale": 98.7546041032386
}