{
  "model": "linear",
  "site": "77",
  "seq_len": 192,
  "pred_len": 24,
  "params": 4632,
  "val_mse": 0.089309,
  "mse_float": 0.039811,
  "true_future": [
    1.0815565586090088,
    0.8919527530670166,
    0.773652970790863,
    0.41551247239112854,
    -0.370451956987381,
    -0.5584352016448975,
    -0.6945610046386719,
    -0.7966553568840027,
    -0.882544219493866,
    -1.0170495510101318,
    -1.6506826877593994,
    -1.0332549810409546,
    0.007135081570595503,
    -0.04472236707806587,
    -0.8128607869148254,
    -0.6427035331726074,
    -0.6248775720596313,
    -0.846892237663269,
    -0.9489865899085999,
    -1.1207643747329712,
    -1.187206745147705,
    -1.0008440017700195,
    -0.5908461213111877,
    0.9097787737846375
  ],
  "scaler_mean": 1745.5971105800566,
  "scaler_scale": 617.0762705608115
}