{"model": "dlinear", "site": "170", "seq_len": 192, "pred_len": 24, "params": 4632, "val_mse": 0.067061, "mse_float": 0.052103, "true_future": [0.18401648104190826, 0.17964960634708405, 0.0792112946510315, -0.90770423412323, -1.5409022569656372, -1.7068437337875366, -1.7679800987243652, -1.7199443578720093, -1.457931399345398, -1.2177529335021973, -1.2439541816711426, -1.2002853155136108, -0.8902366757392883, 0.32812362909317017, 0.26698726415634155, 0.22768531739711761, 0.11414635926485062, 0.04427623376250267, 0.031175587326288223, -0.025593889877200127, 0.18401648104190826, 0.18838337063789368, 0.26262035965919495, 0.26698726415634155], "scaler_mean": 751.8609059309147, "scaler_scale": 228.99630112696843, "fused_from": "dlinear"}