{"model": "dlinear", "site": "122", "seq_len": 192, "pred_len": 24, "params": 4632, "val_mse": 0.133045, "mse_float": 0.025675, "true_future": [-1.3308261632919312, -1.3308261632919312, -1.3308261632919312, -1.3308261632919312, -1.2176471948623657, -1.2176471948623657, -1.3308261632919312, -1.3308261632919312, -1.3308261632919312, -1.3308261632919312, -1.2176471948623657, -1.3308261632919312, -1.3308261632919312, -1.2176471948623657, -1.2176471948623657, -1.2742366790771484, -1.3308261632919312, -1.2742366790771484, -1.2176471948623657, -1.1610578298568726, -1.3308261632919312, -1.2742366790771484, -1.3308261632919312, -1.3308261632919312], "scaler_mean": 115.5172170323702, "scaler_scale": 17.671141899706978, "fused_from": "dlinear"}