{"model": "nlinear", "site": "106", "seq_len": 192, "pred_len": 24, "params": 4632, "val_mse": 0.321409, "mse_float": 0.068964, "true_future": [-0.7604921460151672, -0.7604921460151672, -0.7604921460151672, -0.7604921460151672, 1.389819622039795, -0.24385878443717957, -0.2787664532661438, -0.2054603546857834, -0.24385878443717957, 0.9918723702430725, 1.3200043439865112, 0.25881150364875793, -0.7604921460151672, -0.7604921460151672, -0.7604921460151672, -0.7604921460151672, -0.7604921460151672, -0.7604921460151672, -0.7604921460151672, -0.7604921460151672, -0.7604921460151672, -0.7604921460151672, -0.7604921460151672, -0.7604921460151672], "scaler_mean": 217.8582446230719, "scaler_scale": 286.47008235187286, "fused_from": "nlinear"}