{
  "model": "dlinear",
  "site": "196",
  "seq_len": 192,
  "pred_len": 24,
  "params": 9264,
  "val_mse": 0.104323,
  "mse_float": 0.169156,
  "true_future": [
    0.4825096130371094,
    0.09881095588207245,
    0.07778637111186981,
    -0.5240423679351807,
    -1.0785658359527588,
    -0.9392779469490051,
    -0.9603025317192078,
    -0.9865832328796387,
    -1.2809274196624756,
    -1.2756712436676025,
    -0.008940044790506363,
    -0.49513357877731323,
    -0.28488773107528687,
    0.05413370952010155,
    -0.006311971694231033,
    -0.17450864613056183,
    -0.09566646069288254,
    -0.14034369587898254,
    -0.20341745018959045,
    0.29328835010528564,
    0.012084539979696274,
    0.31168487668037415,
    0.288032203912735,
    0.2827760577201843
  ],
  "scaler_mean": 1620.4017488594395,
  "scaler_scale": 380.50691868543265
}