{
  "model": "dlinear",
  "site": "5",
  "seq_len": 192,
  "pred_len": 24,
  "params": 9264,
  "val_mse": 0.111566,
  "mse_float": 0.047914,
  "true_future": [
    0.4470338821411133,
    0.29406172037124634,
    0.7725899815559387,
    0.058719974011182785,
    -0.8669576048851013,
    -1.1768242120742798,
    -1.3141069412231445,
    -1.3141069412231445,
    -1.443544864654541,
    -1.4553120136260986,
    -1.7612563371658325,
    -0.9728614091873169,
    -0.753209114074707,
    -0.6708394885063171,
    -0.2119230479001999,
    0.0351857990026474,
    0.43526679277420044,
    0.0351857990026474,
    -0.411963552236557,
    -0.20015595853328705,
    -0.3178268373012543,
    -0.28252556920051575,
    -0.1883888691663742,
    0.4588009715080261
  ],
  "scaler_mean": 767.0294373234847,
  "scaler_scale": 254.9483798911728
}