{"model": "dlinear", "site": "236", "seq_len": 192, "pred_len": 24, "params": 4632, "val_mse": 0.059742, "mse_float": 0.135047, "true_future": [0.2913902699947357, 0.2982011139392853, 0.010799644514918327, -0.5922557711601257, -0.837530791759491, -0.8585519790649414, -0.6131928563117981, -0.4168550968170166, -0.6062138080596924, -0.6483402252197266, -0.3046860992908478, 0.12296862155199051, -0.35387566685676575, 0.2094917744398117, 0.4244963228702545, 0.41987165808677673, 0.4408928453922272, 0.1721581667661667, 0.4363522529602051, 0.5391878485679626, 0.5625633597373962, 0.49714550375938416, 0.8810762166976929, 0.3358710706233978], "scaler_mean": 45988.562296328484, "scaler_scale": 11892.771423651142, "fused_from": "dlinear"}