{
  "model": "nlinear",
  "site": "98",
  "seq_len": 192,
  "pred_len": 24,
  "params": 4632,
  "val_mse": 0.198735,
  "mse_float": 0.058153,
  "true_future": [
    -0.10739697515964508,
    0.28365686535835266,
    -0.029186205938458443,
    -0.30292388796806335,
    -0.5473325252532959,
    -0.4984508156776428,
    -0.566885232925415,
    -0.7428594827651978,
    -0.7917411923408508,
    -0.7233067750930786,
    -0.9677154421806335,
    -1.055702567100525,
    -0.9286100268363953,
    -0.566885232925415,
    0.371643990278244,
    0.13701167702674866,
    0.24455147981643677,
    -0.058515243232250214,
    0.05880090966820717,
    0.13701167702674866,
    -0.09762062877416611,
    0.16634070873260498,
    -0.06829158961772919,
    -0.07806793600320816
  ],
  "scaler_mean": 317.9853899630676,
  "scaler_scale": 102.28770532976233
}