{
  "model": "dlinear",
  "site": "225",
  "seq_len": 192,
  "pred_len": 24,
  "params": 9264,
  "val_mse": 0.033581,
  "mse_float": 0.018616,
  "true_future": [
    0.025438718497753143,
    0.04331527650356293,
    -0.6270555853843689,
    -1.2616733312606812,
    -1.4404388666152954,
    -1.511945128440857,
    -1.5238628387451172,
    -1.5179039239883423,
    -1.5953691005706787,
    -1.3689327239990234,
    -0.49894025921821594,
    -0.8922244906425476,
    -0.5615082383155823,
    -0.16524454951286316,
    0.055232979357242584,
    0.17441001534461975,
    0.1714305877685547,
    0.18632772564888,
    0.09396551549434662,
    0.10290379822254181,
    0.034376997500658035,
    0.10290379822254181,
    0.14759518206119537,
    0.15653346478939056
  ],
  "scaler_mean": 971.4618726917228,
  "scaler_scale": 335.635114297865
}