{
  "model": "nlinear",
  "site": "74",
  "seq_len": 192,
  "pred_len": 24,
  "params": 4632,
  "val_mse": 0.081407,
  "mse_float": 0.038807,
  "true_future": [
    -0.2431984841823578,
    0.6482389569282532,
    0.9339561462402344,
    0.15680551528930664,
    -0.5174869298934937,
    -0.814632773399353,
    -1.0889211893081665,
    -1.203208088874817,
    -1.260351538658142,
    -1.2946375608444214,
    -1.6717841625213623,
    -1.36320960521698,
    -1.0546351671218872,
    -0.6546311378479004,
    -0.7574893236160278,
    -0.2089124172925949,
    -0.048910826444625854,
    -0.4489148259162903,
    -0.49462956190109253,
    -0.48320087790489197,
    -0.5403442978858948,
    -0.3003419041633606,
    -0.2660558521747589,
    0.47680869698524475
  ],
  "scaler_mean": 292.2796545731045,
  "scaler_scale": 87.49912729107729
}