{"model": "linear", "site": "38", "seq_len": 192, "pred_len": 24, "params": 4632, "val_mse": 0.170274, "mse_float": 0.156644, "true_future": [0.48372361063957214, 0.5107874274253845, -0.11168008297681808, -0.21993529796600342, -0.8424028158187866, -1.1671684980392456, -1.3566150665283203, -1.3566150665283203, -1.3295512199401855, -1.4107426404953003, -1.8978911638259888, -1.3566150665283203, -0.0846162810921669, 0.700234055519104, 0.023638935759663582, 0.7814254760742188, -0.4093819260597229, -0.6529561877250671, 0.15895795822143555, 0.13189415633678436, 0.2672131657600403, 0.6461064219474792, 0.050702739506959915, 0.5107874274253845], "scaler_mean": 115.12654790354117, "scaler_scale": 36.949720362363685, "fused_from": "linear"}