{"model": "dlinear", "site": "252", "seq_len": 192, "pred_len": 24, "params": 4632, "val_mse": 0.043955, "mse_float": 0.024735, "true_future": [-0.12207551300525665, -0.210301473736763, -0.543599545955658, -0.9847293496131897, -1.484676480293274, -1.5238879919052124, -1.6415225267410278, -1.5042822360992432, -1.6807341575622559, -1.7199456691741943, -1.1905899047851562, -0.7592629790306091, -0.7984745502471924, -0.337738960981369, -0.2789216637611389, -0.30833032727241516, -0.1514841616153717, -0.04365243762731552, -0.2691187858581543, 0.07398217171430588, 0.2700398564338684, 0.2700398564338684, 0.09358794242143631, 0.16220813989639282], "scaler_mean": 379.4530197697154, "scaler_scale": 102.0107927847018, "fused_from": "dlinear"}