{"model": "dlinear", "site": "182", "seq_len": 192, "pred_len": 24, "params": 4632, "val_mse": 0.00033, "mse_float": 0.00033, "true_future": [-0.6891130208969116, -0.6891130208969116, -0.6891130208969116, -0.6891130208969116, -0.6891130208969116, -0.6891130208969116, -0.6891130208969116, -0.6891130208969116, -0.6891130208969116, -0.6891130208969116, -0.6891130208969116, -0.6891130208969116, -0.6891130208969116, -0.6891130208969116, -0.6891130208969116, -0.6891130208969116, -0.6891130208969116, -0.6891130208969116, -0.6891130208969116, -0.6891130208969116, -0.6891130208969116, -0.6891130208969116, -0.6891130208969116, -0.6891130208969116], "scaler_mean": 1031.3979469910928, "scaler_scale": 1496.7035687232294, "fused_from": "dlinear"}