{
  "model": "nlinear",
  "site": "290",
  "seq_len": 192,
  "pred_len": 24,
  "params": 4632,
  "val_mse": 0.047165,
  "mse_float": 0.017485,
  "true_future": [
    0.4720219671726227,
    0.2720533609390259,
    0.01318241935223341,
    -0.12543527781963348,
    -0.4944930076599121,
    -1.1040571928024292,
    -1.1352088451385498,
    -1.175202488899231,
    -1.1675846576690674,
    -1.1971038579940796,
    -1.1953353881835938,
    -0.9262620210647583,
    -0.8555247783660889,
    -0.5251004695892334,
    -0.2335815727710724,
    0.18118326365947723,
    0.3780231177806854,
    0.39489123225212097,
    0.3883616328239441,
    0.4027811288833618,
    0.420601487159729,
    0.40414148569107056,
    0.4090386629104614,
    0.48780182003974915
  ],
  "scaler_mean": 13112.094014772974,
  "scaler_scale": 7351.153430411784
}