{
  "model": "linear",
  "site": "70",
  "seq_len": 192,
  "pred_len": 24,
  "params": 4632,
  "val_mse": 0.156101,
  "mse_float": 0.044695,
  "true_future": [
    0.2710418105125427,
    0.6535655856132507,
    0.5738731622695923,
    0.17541085183620453,
    -0.0477280430495739,
    -0.11148201674222946,
    -0.2389899492263794,
    -0.6693292260169983,
    -0.733083188533783,
    -0.7649601697921753,
    -0.7490217089653015,
    0.11165687441825867,
    0.5579346418380737,
    0.9882739186286926,
    0.9563969373703003,
    0.9723354578018188,
    0.7173195481300354,
    0.25510331988334656,
    0.30291879177093506,
    0.3347957730293274,
    0.1913493424654007,
    0.5579346418380737,
    0.06384140253067017,
    -0.07960502803325653
  ],
  "scaler_mean": 126.99451444709972,
  "scaler_scale": 62.741192418107666
}