{"model": "nlinear", "site": "310", "seq_len": 192, "pred_len": 24, "params": 4632, "val_mse": 0.014942, "mse_float": 0.006982, "true_future": [-0.25223785638809204, -0.29113173484802246, -0.3911445438861847, -0.44670724868774414, -0.43837282061576843, -0.5050480365753174, -0.6356203556060791, -0.6411765813827515, -0.6245077848434448, -0.6161733865737915, -0.48837924003601074, -0.39670082926750183, 0.8201218247413635, 0.9034658074378967, 0.5450865626335144, 0.5200833678245544, 0.611761748790741, 0.5839804410934448, 0.6450993418693542, 0.6145399212837219, 0.6534337997436523, 0.6145399212837219, 0.0422443225979805, -0.20223145186901093], "scaler_mean": 437.79399304801217, "scaler_scale": 359.95385832424233, "fused_from": "nlinear"}