{
  "model": "nlinear",
  "site": "263",
  "seq_len": 192,
  "pred_len": 24,
  "params": 4632,
  "val_mse": 0.082887,
  "mse_float": 0.03235,
  "true_future": [
    0.26639994978904724,
    0.067220538854599,
    -0.1817537099123001,
    -0.7385506629943848,
    -1.322508454322815,
    -1.422098159790039,
    -1.5624290704727173,
    -1.5669559240341187,
    -1.5262147188186646,
    -1.57148277759552,
    -0.5801125168800354,
    -0.34471869468688965,
    -0.7204434871673584,
    -0.37640631198883057,
    -0.032369159162044525,
    -0.1138516440987587,
    0.021952494978904724,
    -0.06405679136514664,
    -0.0233155507594347,
    -0.0776372104883194,
    0.40673089027404785,
    0.6285443305969238,
    0.6421247124671936,
    0.284507155418396
  ],
  "scaler_mean": 880.1505539865306,
  "scaler_scale": 220.9063749088313
}