{
  "model": "linear",
  "site": "208",
  "seq_len": 192,
  "pred_len": 24,
  "params": 4632,
  "val_mse": 0.029399,
  "mse_float": 0.010612,
  "true_future": [
    0.21004807949066162,
    0.025513341650366783,
    -0.36200961470603943,
    -1.2754565477371216,
    -1.5153517723083496,
    -1.5891656875610352,
    -1.6629794836044312,
    -1.690659761428833,
    -1.6445260047912598,
    -1.7091132402420044,
    -0.4265967607498169,
    -0.18670161068439484,
    -0.49118393659591675,
    -0.30664917826652527,
    0.2469550371170044,
    0.2654085159301758,
    0.16391439735889435,
    -0.03907381743192673,
    -0.04830055683851242,
    -0.057527292519807816,
    0.04396681487560272,
    0.2469550371170044,
    -0.011393606662750244,
    0.20082134008407593
  ],
  "scaler_mean": 372.234846839018,
  "scaler_scale": 108.38067623931614
}