{
  "model": "nlinear",
  "site": "246",
  "seq_len": 192,
  "pred_len": 24,
  "params": 4632,
  "val_mse": 0.029007,
  "mse_float": 0.035087,
  "true_future": [
    -0.27387985587120056,
    -0.450302392244339,
    -0.5446394681930542,
    -0.9513914585113525,
    -0.9513914585113525,
    -1.005298376083374,
    -0.9673184752464294,
    -1.1155624389648438,
    -1.3042365312576294,
    -1.184171199798584,
    -0.1427880972623825,
    -0.3522898852825165,
    -0.6806318163871765,
    -0.4662294387817383,
    -0.5164608359336853,
    -0.374342679977417,
    -0.21507233381271362,
    0.000555219769012183,
    -0.2542773485183716,
    -0.2604031264781952,
    -0.08030511438846588,
    -0.11093402653932571,
    -0.07050386071205139,
    0.08509102463722229
  ],
  "scaler_mean": 2283.5468172930696,
  "scaler_scale": 816.222208339807
}