{"model": "nlinear", "site": "118", "seq_len": 192, "pred_len": 24, "params": 4632, "val_mse": 0.116862, "mse_float": 0.069904, "true_future": [1.0215131044387817, 0.5780095458030701, 0.4146134853363037, 0.7414056062698364, 0.27455973625183105, 0.25121742486953735, 0.22787514328956604, 0.25121742486953735, 0.25121742486953735, 0.25121742486953735, 0.18119055032730103, 0.4146134853363037, 0.9281439185142517, 0.8581170439720154, 1.0215131044387817, 1.4416743516921997, 1.2549359798431396, 1.301620602607727, 1.1615668535232544, 1.2549359798431396, 1.3949897289276123, 1.2315937280654907, 1.3483052253723145, 0.9748284816741943], "scaler_mean": 326.2376710840756, "scaler_scale": 42.84069330424271, "fused_from": "nlinear"}