{"model": "nlinear", "site": "49", "seq_len": 192, "pred_len": 24, "params": 4632, "val_mse": 0.098625, "mse_float": 0.042385, "true_future": [0.08733943849802017, 0.5649242401123047, 0.836653470993042, 0.07910522073507309, -0.6208034753799438, -0.7690194845199585, -0.8595958948135376, -0.9090012311935425, -0.9913433790206909, -1.0489829778671265, -1.872404932975769, -1.5265676975250244, -1.1889647245407104, -0.7031456828117371, -0.5302270650863647, -1.1066224575042725, -0.7854878902435303, -1.1148567199707031, -0.8678300976753235, -1.3207122087478638, -1.2466042041778564, -1.1971988677978516, -0.9172354340553284, 0.13674476742744446], "scaler_mean": 349.39311318705194, "scaler_scale": 121.44440840287437, "fused_from": "nlinear"}