{
  "model": "nlinear",
  "site": "2",
  "seq_len": 192,
  "pred_len": 24,
  "params": 4632,
  "val_mse": 0.000621,
  "mse_float": 0.000191,
  "true_future": [
    -0.21681338548660278,
    -0.21681338548660278,
    -0.21681338548660278,
    -0.21681338548660278,
    -0.21681338548660278,
    -0.21681338548660278,
    -0.21681338548660278,
    -0.21681338548660278,
    -0.21681338548660278,
    -0.21681338548660278,
    -0.21681338548660278,
    -0.21681338548660278,
    -0.21681338548660278,
    -0.21681338548660278,
    -0.2339457869529724,
    -0.2339457869529724,
    -0.25107818841934204,
    -0.21681338548660278,
    -0.21681338548660278,
    -0.21681338548660278,
    -0.21681338548660278,
    -0.21681338548660278,
    -0.18254859745502472,
    -0.21681338548660278
  ],
  "scaler_mean": 20.655170540951552,
  "scaler_scale": 58.36895321134226
}