{"model": "nlinear", "site": "280", "seq_len": 192, "pred_len": 24, "params": 4632, "val_mse": 0.028708, "mse_float": 0.028842, "true_future": [0.08371666818857193, 0.061257682740688324, -0.07770732045173645, -0.5325018763542175, -1.4013839960098267, -1.6722955703735352, -1.7115988731384277, -1.7523057460784912, -1.8210864067077637, -1.1445093154907227, -0.8609645962715149, -0.6153193712234497, -0.6209341287612915, -0.33317831158638, -0.38230738043785095, 0.11179041117429733, -0.06086307391524315, -0.18859857320785522, -0.2994898557662964, -0.38230738043785095, -0.2798382341861725, -0.05244095250964165, -0.1324511021375656, -0.20544281601905823], "scaler_mean": 2223.359439495981, "scaler_scale": 712.4096043304337, "fused_from": "nlinear"}