{
  "model": "dlinear",
  "site": "234",
  "seq_len": 192,
  "pred_len": 24,
  "params": 9264,
  "val_mse": 0.030561,
  "mse_float": 0.044366,
  "true_future": [
    0.4722493886947632,
    0.6517203450202942,
    0.05946609377861023,
    -0.8019946813583374,
    -0.9186508059501648,
    -0.9635185599327087,
    -1.0173598527908325,
    -1.3942489624023438,
    -1.5557729005813599,
    -1.5378257036209106,
    -1.466037392616272,
    -0.6314972043037415,
    -0.6135501265525818,
    -0.2815288007259369,
    -0.030269403010606766,
    0.2658577263355255,
    0.36456677317619324,
    0.22098998725414276,
    0.4363551735877991,
    0.40046098828315735,
    0.31072548031806946,
    0.606852650642395,
    0.7324823141098022,
    0.7683765292167664
  ],
  "scaler_mean": 362.3731805344341,
  "scaler_scale": 111.4386212618474
}