{"model": "linear", "site": "26", "seq_len": 192, "pred_len": 24, "params": 4632, "val_mse": 0.115171, "mse_float": 0.03792, "true_future": [0.2549898326396942, 0.10261640697717667, 0.32165318727493286, -0.297363817691803, -0.9354275465011597, -1.2496976852416992, -1.4211177825927734, -1.5258744955062866, -1.2973144054412842, -1.3163610696792603, -1.1163709163665771, -0.8592408299446106, -0.6973440647125244, -0.8306707739830017, -1.1163709163665771, -0.8116241097450256, -0.6687740087509155, -0.5830639600753784, -1.0211375951766968, -1.173511028289795, -1.059230923652649, -0.8592408299446106, -0.2783171534538269, 1.0168569087982178], "scaler_mean": 370.2247447316967, "scaler_scale": 105.00519007022835, "fused_from": "linear"}