{
  "model": "nlinear",
  "site": "304",
  "seq_len": 192,
  "pred_len": 24,
  "params": 4632,
  "val_mse": 0.024913,
  "mse_float": 0.027412,
  "true_future": [
    0.2790184020996094,
    0.522153913974762,
    1.1513670682907104,
    0.18684066832065582,
    -0.3515307307243347,
    -0.7803575992584229,
    -1.0862808227539062,
    -1.0662422180175781,
    -1.2171999216079712,
    -1.5137717723846436,
    -1.5097640752792358,
    -1.6674013137817383,
    -1.6927835941314697,
    -1.0555548667907715,
    0.22825385630130768,
    0.24695658683776855,
    0.5729184150695801,
    0.6263548135757446,
    0.2523002326488495,
    0.26699522137641907,
    0.7091811895370483,
    0.9523166418075562,
    0.6076520681381226,
    0.3711961507797241
  ],
  "scaler_mean": 2122.1396915055398,
  "scaler_scale": 748.553864419886
}