{
  "model": "nlinear",
  "site": "105",
  "seq_len": 192,
  "pred_len": 24,
  "params": 4632,
  "val_mse": 0.252387,
  "mse_float": 0.034127,
  "true_future": [
    -0.7276606559753418,
    -0.7276606559753418,
    -0.7276606559753418,
    -0.7276606559753418,
    1.847602128982544,
    0.20879855751991272,
    -0.025316236540675163,
    -0.025316236540675163,
    -0.025316236540675163,
    0.20879855751991272,
    1.3793725967407227,
    -0.4935458302497864,
    -0.7276606559753418,
    -0.7276606559753418,
    -0.7276606559753418,
    -0.7276606559753418,
    -0.7276606559753418,
    -0.7276606559753418,
    -0.7276606559753418,
    -0.7276606559753418,
    -0.7276606559753418,
    -0.7276606559753418,
    -0.7276606559753418,
    -0.7276606559753418
  ],
  "scaler_mean": 170.94747990441016,
  "scaler_scale": 234.92748131249917
}