{
  "model": "linear",
  "site": "73",
  "seq_len": 192,
  "pred_len": 24,
  "params": 4632,
  "val_mse": 0.089787,
  "mse_float": 0.048241,
  "true_future": [
    0.28608760237693787,
    0.3301745653152466,
    0.5285659432411194,
    0.10973972082138062,
    -0.7719996571540833,
    -1.0585649013519287,
    -0.8822170495986938,
    -0.9483475089073181,
    -0.9703909754753113,
    -1.0806083679199219,
    -2.006434679031372,
    -1.5876085758209229,
    -0.5074778199195862,
    0.35221803188323975,
    -0.044564664363861084,
    0.44039198756217957,
    0.13178320229053497,
    0.08769623935222626,
    0.44039198756217957,
    0.04360927268862724,
    -0.044564664363861084,
    -0.0886516347527504,
    -0.0886516347527504,
    0.6828703284263611
  ],
  "scaler_mean": 178.02167064957635,
  "scaler_scale": 45.364879806608826
}