{"model": "linear", "site": "161", "seq_len": 192, "pred_len": 24, "params": 4632, "val_mse": 0.038801, "mse_float": 0.026126, "true_future": [0.3937253952026367, 0.4934394657611847, 0.16105923056602478, -0.3264317810535431, -1.1573823690414429, -1.5525455474853516, -1.6522595882415771, -1.7704392671585083, -1.7889047861099243, -0.9911922216415405, -0.6846638321876526, -0.7289811968803406, -0.40398716926574707, -0.15285542607307434, 0.28293198347091675, 0.3900322914123535, 0.26077330112457275, 0.3604873716831207, 0.34202179312705994, 0.3604873716831207, 0.4343496561050415, 0.4011116325855255, 0.5820742249488831, 0.6374709010124207], "scaler_mean": 931.3893113187052, "scaler_scale": 270.77422422147384, "fused_from": "linear"}