{"model": "linear", "site": "281", "seq_len": 192, "pred_len": 24, "params": 4632, "val_mse": 0.052002, "mse_float": 0.195795, "true_future": [0.054054100066423416, 0.41785362362861633, 0.42642033100128174, -0.1321290135383606, -0.6187180280685425, -0.5975868105888367, -0.6352803111076355, -0.5593221783638, -0.6227157711982727, -0.9271194934844971, -1.2275253534317017, -0.3137432038784027, -0.5718866586685181, 0.05005630478262901, 0.23167049884796143, 0.29106634855270386, 0.29506415128707886, 0.3161953389644623, 0.10830991715192795, 0.1722746640443802, 0.13857895135879517, 0.2105392962694168, 0.3670244812965393, 0.47268053889274597], "scaler_mean": 4818.353193569411, "scaler_scale": 1750.9643983712458, "fused_from": "linear"}