{
  "model": "dlinear",
  "site": "30",
  "seq_len": 192,
  "pred_len": 24,
  "params": 9264,
  "val_mse": 0.079147,
  "mse_float": 0.048772,
  "true_future": [
    0.2934165894985199,
    0.11897248774766922,
    0.5148264169692993,
    0.20619454979896545,
    -0.34397533535957336,
    -0.6526072025299072,
    -0.9478203058242798,
    -1.108845591545105,
    -0.9746578931808472,
    -1.1222643852233887,
    -1.4443150758743286,
    -1.0685893297195435,
    -0.7935043573379517,
    -0.9075639843940735,
    -1.0149141550064087,
    -0.9344015121459961,
    -0.8270513415336609,
    -0.7532480359077454,
    -0.6593165993690491,
    -0.9478203058242798,
    -0.8673076629638672,
    -0.6593165993690491,
    -0.17624060809612274,
    0.4611513018608093
  ],
  "scaler_mean": 451.26776015641974,
  "scaler_scale": 149.04487496209774
}