{
  "model": "nlinear",
  "site": "32",
  "seq_len": 192,
  "pred_len": 24,
  "params": 4632,
  "val_mse": 0.019597,
  "mse_float": 0.016421,
  "true_future": [
    -1.8691753149032593,
    -1.5957589149475098,
    -1.3551526069641113,
    -1.6996572017669678,
    -2.0769717693328857,
    -2.131654977798462,
    -2.1480600833892822,
    -2.1644649505615234,
    -2.1480600833892822,
    -2.273831605911255,
    -2.5800578594207764,
    -2.3230464458465576,
    -2.3613247871398926,
    -2.5199062824249268,
    -2.536311149597168,
    -2.3996031284332275,
    -2.366793155670166,
    -2.328514814376831,
    -2.536311149597168,
    -2.536311149597168,
    -2.421476364135742,
    -2.4378812313079834,
    -2.1261866092681885,
    -1.8254287242889404
  ],
  "scaler_mean": 513.8184879426461,
  "scaler_scale": 182.87128439965286
}