{
  "model": "nlinear",
  "site": "62",
  "seq_len": 192,
  "pred_len": 24,
  "params": 4632,
  "val_mse": 0.08274,
  "mse_float": 0.041534,
  "true_future": [
    0.7090397477149963,
    1.0525933504104614,
    0.6763203740119934,
    -0.15802405774593353,
    -0.7469730377197266,
    -0.9760087728500366,
    -1.1559654474258423,
    -1.254123568534851,
    -1.286842942237854,
    -1.335922122001648,
    -1.6467562913894653,
    -1.286842942237854,
    -0.8778505921363831,
    -0.6978939771652222,
    -0.6488149166107178,
    0.21824891865253448,
    0.05465197190642357,
    -0.32162100076675415,
    -0.22346283495426178,
    -0.4197791814804077,
    -0.45249855518341064,
    -0.35434040427207947,
    0.12009075284004211,
    1.3470678329467773
  ],
  "scaler_mean": 184.65935259613295,
  "scaler_scale": 61.12583557097247
}