{"model": "dlinear", "site": "272", "seq_len": 192, "pred_len": 24, "params": 4632, "val_mse": 0.034994, "mse_float": 0.025208, "true_future": [0.1672976315021515, 0.3335731029510498, -0.051485899835824966, -0.8784876465797424, -1.2460439205169678, -1.4298220872879028, -1.5042085647583008, -1.4560761451721191, -1.4385734796524048, -1.4735788106918335, -0.7559688687324524, 0.20667865872383118, -0.22651273012161255, 0.3291974365711212, 0.5085999369621277, 0.3992081582546234, 0.197927325963974, 0.3073190748691559, 0.31607043743133545, 0.6923781037330627, 0.5392296314239502, 0.48234590888023376, 0.28106507658958435, 0.10603824257850647], "scaler_mean": 681.7664023462959, "scaler_scale": 228.53639868859733, "fused_from": "dlinear"}