{
  "model": "linear",
  "site": "233",
  "seq_len": 192,
  "pred_len": 24,
  "params": 4632,
  "val_mse": 0.032387,
  "mse_float": 0.018116,
  "true_future": [
    -0.09171824157238007,
    -0.19518285989761353,
    -0.9473482966423035,
    -1.6027482748031616,
    -1.6358717679977417,
    -1.6098195314407349,
    -1.6321500539779663,
    -1.6838823556900024,
    -1.665273666381836,
    -1.6358717679977417,
    -1.0649555921554565,
    -0.2945535480976105,
    -0.15461580455303192,
    -0.021377192810177803,
    0.09362484514713287,
    0.19708946347236633,
    0.1412632316350937,
    0.2302130162715912,
    0.3221402168273926,
    0.34074896574020386,
    0.399552583694458,
    0.2815731465816498,
    0.24472783505916595,
    0.5402346849441528
  ],
  "scaler_mean": 7808.4385726699975,
  "scaler_scale": 2686.9089466465525
}