{
  "model": "dlinear",
  "site": "283",
  "seq_len": 192,
  "pred_len": 24,
  "params": 9264,
  "val_mse": 0.022102,
  "mse_float": 0.01446,
  "true_future": [
    0.009164668619632721,
    0.28924787044525146,
    -0.3460628092288971,
    -1.1111681461334229,
    -1.432239055633545,
    -1.5005520582199097,
    -1.452733039855957,
    -1.4185764789581299,
    -1.44590163230896,
    -1.4937207698822021,
    -1.268288016319275,
    -0.35972538590431213,
    -0.6261460185050964,
    -0.18211166560649872,
    0.009164668619632721,
    0.1731158047914505,
    0.13895931839942932,
    0.14579062163829803,
    0.32340434193611145,
    0.49418678879737854,
    0.3370669484138489,
    0.36439213156700134,
    0.14579062163829803,
    0.015995966270565987
  ],
  "scaler_mean": 386.65842928524876,
  "scaler_scale": 146.38507619040857
}