{
  "model": "nlinear",
  "site": "92",
  "seq_len": 192,
  "pred_len": 24,
  "params": 4632,
  "val_mse": 0.20977,
  "mse_float": 0.0449,
  "true_future": [
    0.13355568051338196,
    -0.07684667408466339,
    -0.5085030794143677,
    -0.8859009742736816,
    -0.8822837471961975,
    -0.4464072287082672,
    0.42293426394462585,
    1.382103681564331,
    1.3405054807662964,
    1.2820268869400024,
    -0.6935847997665405,
    -1.2711361646652222,
    -1.2693276405334473,
    -0.8895182013511658,
    -0.050320301204919815,
    0.02142147347331047,
    -0.02017669938504696,
    -0.015353722497820854,
    -0.003296281211078167,
    0.04372774064540863,
    0.07025410979986191,
    -0.02258818782866001,
    -0.021985314786434174,
    -0.002693409100174904
  ],
  "scaler_mean": 3416.467629806648,
  "scaler_scale": 1658.7267460885848
}