{"model": "nlinear", "site": "86", "seq_len": 192, "pred_len": 24, "params": 4632, "val_mse": 0.159541, "mse_float": 0.081413, "true_future": [-0.5909589529037476, -0.35086414217948914, -0.670990526676178, -0.23081673681735992, -0.670990526676178, -0.55094313621521, -0.9511011242866516, -0.8710695505142212, -0.670990526676178, -0.8710695505142212, -1.1111643314361572, -0.911085307598114, 1.0496888160705566, 1.0897046327590942, 1.1697362661361694, 1.9700522422790527, 1.4098310470581055, 0.28938862681388855, 1.1697362661361694, 0.769578218460083, 0.9296414256095886, 0.5694992542266846, 0.40943604707717896, -0.0707535445690155], "scaler_mean": 46.7681403432544, "scaler_scale": 24.99012969517119, "fused_from": "nlinear"}