{
  "model": "nlinear",
  "site": "112",
  "seq_len": 192,
  "pred_len": 24,
  "params": 4632,
  "val_mse": 0.122175,
  "mse_float": 0.068181,
  "true_future": [
    0.2236047089099884,
    0.08925850689411163,
    -0.10950025171041489,
    -0.3450661897659302,
    -1.0867308378219604,
    -1.2321192026138306,
    -1.4492815732955933,
    -1.5486608743667603,
    -1.4106340408325195,
    -1.4271972179412842,
    -1.3775075674057007,
    -0.12790384888648987,
    0.36715269088745117,
    0.22912578284740448,
    0.19415895640850067,
    0.18679752945899963,
    0.19968004524707794,
    0.15367107093334198,
    0.12974640727043152,
    -0.424201637506485,
    0.32298409938812256,
    0.09109886735677719,
    0.030367020517587662,
    0.26225224137306213
  ],
  "scaler_mean": 1619.4994025635456,
  "scaler_scale": 543.3722751924587
}