{
  "model": "dlinear",
  "site": "202",
  "seq_len": 192,
  "pred_len": 24,
  "params": 9264,
  "val_mse": 0.043743,
  "mse_float": 0.010837,
  "true_future": [
    0.07515493780374527,
    0.2880696654319763,
    -0.08824474364519119,
    -1.0785458087921143,
    -1.4102966785430908,
    -1.4449572563171387,
    -1.4350543022155762,
    -1.3607816696166992,
    -1.3261210918426514,
    -1.1676729917526245,
    -0.40514111518859863,
    0.25340914726257324,
    0.1939910650253296,
    0.005833859089761972,
    0.0404943972826004,
    -0.023875175043940544,
    -0.11300227791070938,
    -0.048632703721523285,
    -0.023875175043940544,
    -0.08329324424266815,
    0.01573687046766281,
    0.1840880662202835,
    0.1296215057373047,
    0.27816665172576904
  ],
  "scaler_mean": 614.8218009993483,
  "scaler_scale": 201.95877487315644
}