{"model": "linear", "site": "59", "seq_len": 192, "pred_len": 24, "params": 4632, "val_mse": 0.037785, "mse_float": 0.019565, "true_future": [-0.262696772813797, 0.027031579986214638, 0.05516054481267929, -0.21487751603126526, -0.5102316737174988, -0.698695719242096, -0.4595995247364044, -0.3723997175693512, -0.3161417841911316, -0.5327348113059998, -1.1178172826766968, -0.8140244483947754, -0.7465149760246277, -0.670566737651825, -0.9799853563308716, -0.6368119716644287, -0.6255604028701782, -0.617121696472168, -0.8421534299850464, -0.8365276455879211, -0.9152887463569641, -0.7802697420120239, -0.47647687792778015, -0.3161417841911316], "scaler_mean": 663.3901260047795, "scaler_scale": 355.5054380528766, "fused_from": "linear"}