{"model": "dlinear", "site": "20", "seq_len": 192, "pred_len": 24, "params": 4632, "val_mse": 0.234402, "mse_float": 0.189951, "true_future": [2.080411434173584, 2.2168378829956055, 2.0121982097625732, 1.6029186248779297, 0.2386537492275238, -0.4434787333011627, -0.5116919875144958, -0.5799052119255066, -0.8527582287788391, -0.9209714531898499, 0.2386537492275238, 1.261852502822876, 1.8075584173202515, 0.7161464691162109, 0.3750802278518677, -0.23883898556232452, -0.10241249203681946, 0.7161464691162109, 0.3750802278518677, -0.23883898556232452, -0.10241249203681946, -0.4434787333011627, 0.2386537492275238, 1.0572127103805542], "scaler_mean": 39.501357810123835, "scaler_scale": 14.659909118791001, "fused_from": "dlinear"}