{"model": "nlinear", "site": "117", "seq_len": 192, "pred_len": 24, "params": 4632, "val_mse": 0.234157, "mse_float": 0.205382, "true_future": [0.10280901193618774, -0.11025682836771011, -0.23809634149074554, -0.451162189245224, -0.5363885164260864, -0.9199070334434509, -1.2608124017715454, -1.516491413116455, -1.559104561805725, -1.3886518478393555, -1.431265115737915, -1.473878264427185, -0.4085490107536316, -0.32332268357276917, 0.10280901193618774, 0.6567801833152771, 0.9550724029541016, 1.1681382656097412, 1.1681382656097412, 1.1255251169204712, 0.8698460459709167, 0.5289406776428223, 0.5715538859367371, 0.5715538859367371], "scaler_mean": 314.58738865956985, "scaler_scale": 23.46692403261233, "fused_from": "nlinear"}