{
  "model": "dlinear",
  "site": "201",
  "seq_len": 192,
  "pred_len": 24,
  "params": 9264,
  "val_mse": 0.061856,
  "mse_float": 0.156816,
  "true_future": [
    0.07881390303373337,
    -0.5451940298080444,
    -1.280007004737854,
    -1.0992196798324585,
    -0.8951050043106079,
    -0.790131688117981,
    -0.8659457564353943,
    -0.8017953634262085,
    -0.9417597651481628,
    -0.918432354927063,
    -0.807627260684967,
    -0.20111487805843353,
    0.300424188375473,
    0.7319810390472412,
    0.12546870112419128,
    0.2712649405002594,
    0.5220344662666321,
    0.4170611798763275,
    0.46371597051620483,
    0.6853262782096863,
    0.41122934222221375,
    0.6503351926803589,
    0.5220344662666321,
    0.6969899535179138
  ],
  "scaler_mean": 514.4856072126873,
  "scaler_scale": 171.4721863391148
}