{"model": "nlinear", "site": "178", "seq_len": 192, "pred_len": 24, "params": 4632, "val_mse": 0.051173, "mse_float": 0.017049, "true_future": [-0.0515320710837841, 0.002661503152921796, -0.5014647841453552, -1.1291019916534424, -1.1858161687850952, -1.1669114828109741, -1.3862063884735107, -1.5160188674926758, -1.4983744621276855, -1.4025905132293701, -0.45483309030532837, -0.007421022281050682, -0.28090953826904297, 0.229518324136734, 0.8168254494667053, 0.30135631561279297, 0.26984843611717224, 0.11356928199529648, 0.1929691731929779, 0.27236905694007874, 0.20557233691215515, 0.11104865372180939, 0.027867816388607025, 0.046772550791502], "scaler_mean": 2117.888225070606, "scaler_scale": 793.451989494789, "fused_from": "nlinear"}