{
  "model": "linear",
  "site": "262",
  "seq_len": 192,
  "pred_len": 24,
  "params": 4632,
  "val_mse": 0.046266,
  "mse_float": 0.019396,
  "true_future": [
    0.20877456665039062,
    0.26260772347450256,
    -0.2936682105064392,
    -1.0350546836853027,
    -1.2333873510360718,
    -1.146498680114746,
    -1.1512209177017212,
    -1.301387071609497,
    -1.3061093091964722,
    -1.368442416191101,
    -1.1691653728485107,
    -0.37772348523139954,
    -0.3956678807735443,
    0.08788608014583588,
    0.22294119000434875,
    0.3740518093109131,
    0.34477412700653076,
    0.33060750365257263,
    0.3438296914100647,
    0.3787740170955658,
    0.49966248869895935,
    0.5686067342758179,
    0.5043846964836121,
    0.3882184326648712
  ],
  "scaler_mean": 3084.9438409732784,
  "scaler_scale": 1058.8270303010866
}