{"model": "dlinear", "site": "84", "seq_len": 192, "pred_len": 24, "params": 4632, "val_mse": 0.502187, "mse_float": 0.343707, "true_future": [-0.36280161142349243, -0.3891756236553192, -0.3891756236553192, -0.3715929388999939, -0.4595063030719757, -0.4331322908401489, -0.3276362717151642, -0.31005358695983887, -0.3188449442386627, -0.31005358695983887, -0.36280161142349243, -0.4331322908401489, -0.23093156516551971, 1.0526034832000732, -0.12543554604053497, 0.05039118230342865, 0.07676518708467484, -0.09906153380870819, 1.0789774656295776, 1.3866742849349976, -0.046313513070344925, 1.6240403652191162, -0.0287308432161808, -0.0287308432161808], "scaler_mean": 110.26808603084945, "scaler_scale": 113.74835366028539, "fused_from": "dlinear"}