{
  "model": "dlinear",
  "site": "205",
  "seq_len": 192,
  "pred_len": 24,
  "params": 9264,
  "val_mse": 0.048241,
  "mse_float": 0.035544,
  "true_future": [
    -0.0848507285118103,
    -0.22594314813613892,
    -0.8084732294082642,
    -1.424530267715454,
    -1.4706296920776367,
    -1.441293716430664,
    -1.534889578819275,
    -1.5614317655563354,
    -1.45945405960083,
    -1.2135900259017944,
    -0.9509626030921936,
    -0.010812134481966496,
    -0.3279208242893219,
    -0.07646900415420532,
    -0.09602636843919754,
    0.10373814404010773,
    0.24483056366443634,
    -0.01360604353249073,
    -0.02897254377603531,
    -0.13514108955860138,
    -0.0331634096801281,
    0.21270060539245605,
    0.49907630681991577,
    0.3314417600631714
  ],
  "scaler_mean": 1905.7397892678687,
  "scaler_scale": 715.842864188474
}