{"model": "linear", "site": "227", "seq_len": 192, "pred_len": 24, "params": 4632, "val_mse": 0.046848, "mse_float": 0.192068, "true_future": [-0.1860792338848114, -0.05830160900950432, -0.14348669350147247, -0.3564494252204895, -0.4522826373577118, -0.47357890009880066, -0.5268195867538452, -1.229596495628357, -1.5064480304718018, -1.6661701202392578, -1.6768182516098022, -0.4948751926422119, -0.4203382134437561, -0.17543110251426697, -0.17543110251426697, -0.0050609298050403595, 0.13336484134197235, -0.07959788292646408, -0.14348669350147247, -0.047653473913669586, -0.037005338817834854, 0.20790179073810577, 0.7509567141532898, 0.7722529768943787], "scaler_mean": 275.4752878557463, "scaler_scale": 93.91315183019472, "fused_from": "linear"}