{
  "model": "linear",
  "site": "76",
  "seq_len": 192,
  "pred_len": 24,
  "params": 4632,
  "val_mse": 0.137978,
  "mse_float": 0.037746,
  "true_future": [
    0.064994215965271,
    0.4340258240699768,
    1.113044023513794,
    0.04285232350230217,
    -0.7911590933799744,
    -0.9756749272346497,
    -0.2080891728401184,
    -0.34832116961479187,
    -0.6066433191299438,
    -0.7468752861022949,
    -1.580886721611023,
    -1.366848349571228,
    -1.1159069538116455,
    -0.9682942628860474,
    -1.4406547546386719,
    -1.5292222499847412,
    -1.101145625114441,
    -1.1897132396697998,
    -1.2930420637130737,
    -1.1675713062286377,
    -1.4258934259414673,
    -1.012578010559082,
    -0.8575847744941711,
    0.19046495854854584
  ],
  "scaler_mean": 508.1939495980882,
  "scaler_scale": 135.48975108323853
}