{"model": "nlinear", "site": "265", "seq_len": 192, "pred_len": 24, "params": 4632, "val_mse": 0.06577, "mse_float": 0.018692, "true_future": [0.5043790936470032, 0.09072909504175186, -0.3799760639667511, -1.1644846200942993, -1.221539855003357, -1.2358036041259766, -1.6779812574386597, -1.8277510404586792, -2.0060484409332275, -2.048839807510376, -1.4925519227981567, -0.29439330101013184, -0.5654053688049316, 0.11212478578090668, 0.3046859800815582, 0.5756980180740356, 0.7682592272758484, 0.7682592272758484, 0.6470170021057129, 0.6327531933784485, 0.6898083686828613, 0.5400385856628418, 0.5685661435127258, 0.5685661435127258], "scaler_mean": 515.2784053877906, "scaler_scale": 140.2151617962341, "fused_from": "nlinear"}