{"model": "dlinear", "site": "43", "seq_len": 192, "pred_len": 24, "params": 4632, "val_mse": 0.13704, "mse_float": 0.030539, "true_future": [0.40662088990211487, 0.008160145953297615, -0.31558921933174133, -0.11635883897542953, -0.5895309448242188, -0.8883765339851379, -1.0876069068908691, -1.4362599849700928, -1.6603941917419434, -1.8098169565200806, -2.0588550567626953, -1.4113562107086182, -1.162318229675293, -0.7638575434684753, -0.7638575434684753, -0.7140499353408813, -1.2868372201919556, -0.9132803082466125, -0.9879916906356812, -1.2121258974075317, -0.7638575434684753, -1.1872221231460571, -1.1374144554138184, 0.30700570344924927], "scaler_mean": 148.6723332609168, "scaler_scale": 40.1545205373324, "fused_from": "dlinear"}