{
  "model": "nlinear",
  "site": "176",
  "seq_len": 192,
  "pred_len": 24,
  "params": 4632,
  "val_mse": 0.034477,
  "mse_float": 0.010396,
  "true_future": [
    -0.05921335890889168,
    0.16145509481430054,
    -0.38723403215408325,
    -0.995563268661499,
    -1.1893936395645142,
    -1.4040981531143188,
    -1.4905762672424316,
    -1.4965403079986572,
    -1.4190081357955933,
    -1.4100621938705444,
    -0.8285709619522095,
    -0.8166429400444031,
    -1.0045093297958374,
    -0.05623135343194008,
    0.2926633656024933,
    0.02428281307220459,
    0.13163504004478455,
    0.16741910576820374,
    0.13759905099868774,
    0.05410287529230118,
    0.14356306195259094,
    0.17934712767601013,
    0.10777898877859116,
    0.039192844182252884
  ],
  "scaler_mean": 831.8568868129481,
  "scaler_scale": 335.3447119226866
}