{"model": "linear", "site": "215", "seq_len": 192, "pred_len": 24, "params": 4632, "val_mse": 0.045874, "mse_float": 0.011708, "true_future": [0.43236273527145386, 0.4806648790836334, -0.18176452815532684, -1.3617169857025146, -1.5273243188858032, -1.4928227663040161, -1.5204240083694458, -1.4928227663040161, -1.5480252504348755, -1.410019040107727, -0.6164838671684265, -0.09896085411310196, -0.12656208872795105, 0.11494863778352737, 0.5565682649612427, 0.5772691965103149, 0.7428765296936035, 0.5151664018630981, 0.4806648790836334, 0.5151664018630981, 0.5082660913467407, 0.7152752876281738, 0.6738734841346741, 0.591069757938385], "scaler_mean": 480.3415164023463, "scaler_scale": 144.92110054310035, "fused_from": "linear"}