{
  "model": "dlinear",
  "site": "28",
  "seq_len": 192,
  "pred_len": 24,
  "params": 9264,
  "val_mse": 0.232782,
  "mse_float": 0.059804,
  "true_future": [
    0.41638168692588806,
    0.4944142699241638,
    0.89238041639328,
    0.41638168692588806,
    -0.46538642048835754,
    -1.058434009552002,
    -1.1598763465881348,
    -1.2066959142684937,
    -0.31712451577186584,
    -0.7306971549987793,
    -1.8621695041656494,
    -1.5812522172927856,
    -1.2144991159439087,
    -1.011614441871643,
    -0.9882046580314636,
    -0.8867623209953308,
    -0.4965994358062744,
    -0.8633525371551514,
    -0.9569916129112244,
    -1.1130567789077759,
    -0.7775167226791382,
    -1.0350241661071777,
    -0.6292548179626465,
    0.3773654103279114
  ],
  "scaler_mean": 467.6400173799696,
  "scaler_scale": 128.15160816373242
}