{"model": "linear", "site": "169", "seq_len": 192, "pred_len": 24, "params": 4632, "val_mse": 0.040498, "mse_float": 0.037226, "true_future": [0.4881138503551483, 0.38028058409690857, -0.3758835792541504, -0.9629758596420288, -1.0854531526565552, -1.3091073036193848, -1.5021421909332275, -1.689851999282837, -1.6113067865371704, -1.306444764137268, -1.0548337697982788, -1.0535025596618652, -0.7712722420692444, 0.10603794455528259, 0.09405647218227386, 0.2857600748538971, 0.44950687885284424, 0.43885669112205505, 0.4122311770915985, 0.537371039390564, 0.525389552116394, 0.6811487078666687, 0.5560088753700256, 0.4628196358680725], "scaler_mean": 2889.34857701499, "scaler_scale": 751.1596287024139, "fused_from": "linear"}