{
  "model": "linear",
  "site": "126",
  "seq_len": 192,
  "pred_len": 24,
  "params": 4632,
  "val_mse": 0.167093,
  "mse_float": 0.017744,
  "true_future": [
    0.5649771690368652,
    0.33611708879470825,
    -0.49384525418281555,
    -0.7447640895843506,
    -0.8991757035255432,
    -0.8605727553367615,
    -0.7999110817909241,
    -0.9763814806938171,
    -0.8716021776199341,
    -0.9157198071479797,
    -0.32013219594955444,
    0.363690584897995,
    0.4243522882461548,
    0.8407121300697327,
    0.9289473295211792,
    0.9620355367660522,
    1.0226972103118896,
    1.083358883857727,
    1.0750868320465088,
    1.0695722103118896,
    1.0475133657455444,
    1.01993989944458,
    0.882072389125824,
    0.738690197467804
  ],
  "scaler_mean": 603.1014012600479,
  "scaler_scale": 362.6670593261278
}