{"model": "dlinear", "site": "150", "seq_len": 192, "pred_len": 24, "params": 4632, "val_mse": 0.045963, "mse_float": 0.025459, "true_future": [0.7038210034370422, 0.3585026264190674, 0.2206781655550003, -0.003980736713856459, -0.694617509841919, -1.5664960145950317, -1.464516043663025, -1.4029241800308228, -1.2141096591949463, -1.0722464323043823, -1.1484789848327637, -0.7890247702598572, -0.7673161625862122, 0.38425004482269287, 0.602345883846283, 0.5362103581428528, 0.8896063566207886, 0.6785784363746643, 0.6710056662559509, 0.5296472311019897, 0.8234708309173584, 0.9764407873153687, 1.0193531513214111, 0.7184616923332214], "scaler_mean": 7636.884966326309, "scaler_scale": 1980.7806283347697, "fused_from": "dlinear"}