{"model": "nlinear", "site": "306", "seq_len": 192, "pred_len": 24, "params": 4632, "val_mse": 0.011715, "mse_float": 0.007752, "true_future": [0.5290033221244812, 0.7419177889823914, 0.8032113313674927, -0.11748230457305908, -0.6207345724105835, -1.0917271375656128, -1.0465635061264038, -1.0549509525299072, -1.0717260837554932, -1.0452730655670166, -1.228508472442627, -1.228508472442627, -1.183344841003418, -0.9807535409927368, 0.3006042242050171, 0.6283634305000305, 0.5767477750778198, 0.5825545191764832, 0.587070882320404, 0.5967488288879395, 0.5612630844116211, 0.546423614025116, 0.567715048789978, 0.649009644985199], "scaler_mean": 2649.0879860960245, "scaler_scale": 1549.918420926885, "fused_from": "nlinear"}