{"model": "nlinear", "site": "185", "seq_len": 192, "pred_len": 24, "params": 4632, "val_mse": 0.032916, "mse_float": 0.01012, "true_future": [-0.037821706384420395, -0.28773367404937744, -0.5067287087440491, -0.9962469935417175, -1.5707868337631226, -1.6223150491714478, -1.6171622276306152, -1.666114091873169, -1.7021838426589966, -1.2590409517288208, -0.8777320384979248, -0.6948067545890808, -0.3907901644706726, 0.2610420882701874, 0.4053211510181427, 0.23785437643527985, 0.3537929356098175, 0.5727879405021667, 0.35121652483940125, 0.13737431168556213, 0.4053211510181427, 0.3718278110027313, 0.5264125466346741, 0.15540920197963715], "scaler_mean": 1075.679991310015, "scaler_scale": 388.1366755271216, "fused_from": "nlinear"}