{"model": "dlinear", "site": "167", "seq_len": 192, "pred_len": 24, "params": 4632, "val_mse": 0.030867, "mse_float": 0.005791, "true_future": [0.20752966403961182, 0.2712790369987488, 0.03748542442917824, -0.5895441174507141, -1.277982234954834, -1.518660306930542, -1.6457459926605225, -1.6771388053894043, -1.670116662979126, -1.4920865297317505, -1.2989108562469482, -1.1771949529647827, -0.8106704354286194, 0.06984201818704605, -0.03879353031516075, 0.06639982759952545, 0.16594798862934113, 0.1579621136188507, 0.2491113245487213, 0.17765143513679504, 0.3128606975078583, 0.4343011975288391, 0.46913617849349976, 0.41006818413734436], "scaler_mean": 25443.750271562025, "scaler_scale": 7262.81602609649, "fused_from": "dlinear"}