{"model": "linear", "site": "81", "seq_len": 192, "pred_len": 24, "params": 4632, "val_mse": 0.240252, "mse_float": 0.042757, "true_future": [0.9813027381896973, 0.93558669090271, 1.03616201877594, 1.158071517944336, 1.1397850513458252, 1.158071517944336, 1.078830361366272, 1.115403175354004, 1.1093077659606934, 1.115403175354004, 1.222074031829834, 1.0483529567718506, 1.2190262079238892, 1.4902749061584473, 1.44455885887146, 1.4597975015640259, 1.4628452062606812, 1.3500789403915405, 1.3896995782852173, 1.5756114721298218, 1.2616945505142212, 1.1489282846450806, 1.264742374420166, 1.2860764265060425], "scaler_mean": 500.0225396480556, "scaler_scale": 328.1122600660165, "fused_from": "linear"}