{"model": "linear", "site": "219", "seq_len": 192, "pred_len": 24, "params": 4632, "val_mse": 0.067732, "mse_float": 0.026415, "true_future": [0.10383927822113037, -0.06935339421033859, -0.4850158095359802, -1.1530447006225586, -1.6627259254455566, -1.6478809118270874, -1.6825194358825684, -1.771589994430542, -1.474688172340393, -1.390566110610962, -1.0095422267913818, -0.361306756734848, -0.5097576379776001, -0.12378537654876709, 0.36115410923957825, 0.34630900621414185, 0.15827125310897827, 0.10383927822113037, 0.12858109176158905, 0.009820397011935711, 0.25229012966156006, 0.44527626037597656, 0.22259996831417084, 0.26713523268699646], "scaler_mean": 780.0154247230067, "scaler_scale": 202.08707246816653, "fused_from": "linear"}