{"model": "nlinear", "site": "242", "seq_len": 192, "pred_len": 24, "params": 4632, "val_mse": 0.034682, "mse_float": 0.034867, "true_future": [0.18465423583984375, 0.3664257228374481, 0.5481972098350525, -0.3922726511955261, -0.6688814163208008, -1.419676661491394, -1.419676661491394, -1.33274245262146, -1.3485486507415771, -1.6330605745315552, -1.1509709358215332, -0.09985765069723129, -0.4713037312030792, 0.04239829257130623, 0.6983562707901001, 0.4691661298274994, 0.41384437680244446, 0.4059412479400635, 0.4059412479400635, 0.4059412479400635, 0.6509376168251038, 0.6272282600402832, 0.5323909521102905, 0.5481972098350525], "scaler_mean": 389.6352378883337, "scaler_scale": 126.53250067389813, "fused_from": "nlinear"}