{"model": "nlinear", "site": "319", "seq_len": 192, "pred_len": 24, "params": 4632, "val_mse": 0.081065, "mse_float": 0.03757, "true_future": [1.181029200553894, 1.0155770778656006, 0.8689263463020325, 0.6207481622695923, 0.9441318511962891, 0.3462480306625366, -0.3907659947872162, -0.5298961997032166, -0.6389442086219788, -0.7592729926109314, -0.8231976628303528, 0.19959726929664612, -0.12754669785499573, -0.03353981301188469, -0.018498709425330162, 0.05670680105686188, 0.7147550582885742, 0.24096029996871948, 0.03790542483329773, 0.05294652655720711, 1.2299127578735352, 1.808995246887207, 1.760111689567566, 1.4254471063613892], "scaler_mean": 509.9195090158592, "scaler_scale": 265.9379535729596, "fused_from": "nlinear"}