{"model": "nlinear", "site": "37", "seq_len": 192, "pred_len": 24, "params": 4632, "val_mse": 0.17763, "mse_float": 0.042345, "true_future": [-0.43875810503959656, -0.12024028599262238, 0.5229206681251526, -0.058986861258745193, -0.5490142703056335, -0.7572758793830872, -0.9226601719856262, -0.9900389313697815, -1.075793743133545, -1.2779300212860107, -1.9272162914276123, -1.4310635328292847, -0.6960224509239197, -0.5612649321556091, -0.5061368346214294, -0.7879025936126709, 0.4004138112068176, -0.09573891758918762, -0.09573891758918762, -0.7511505484580994, -0.8430306911468506, -1.1309218406677246, -1.3085566759109497, -0.6408944129943848], "scaler_mean": 533.6299695850532, "scaler_scale": 163.25617856087464, "fused_from": "nlinear"}