{"model": "dlinear", "site": "97", "seq_len": 192, "pred_len": 24, "params": 4632, "val_mse": 0.038253, "mse_float": 0.03678, "true_future": [1.22805655002594, 1.173082947731018, 0.140801802277565, 0.07972007989883423, -0.10352510213851929, -0.3906092047691345, -0.3906092047691345, -0.4211500883102417, -0.43336641788482666, -0.46390727162361145, -0.35396018624305725, 0.3301551640033722, 0.24464073777198792, 0.727186381816864, 1.5273569822311401, 1.1120012998580933, 0.9837296009063721, 1.4418425559997559, 1.3318954706192017, 0.20799170434474945, 0.4095613956451416, 0.4584267735481262, 0.8188089728355408, 0.9104315638542175], "scaler_mean": 364.9486204649142, "scaler_scale": 163.71508486823376, "fused_from": "dlinear"}