{
  "model": "dlinear",
  "site": "221",
  "seq_len": 192,
  "pred_len": 24,
  "params": 9264,
  "val_mse": 0.0387,
  "mse_float": 0.021726,
  "true_future": [
    0.5074170827865601,
    0.52335125207901,
    -0.384895384311676,
    -1.6078414916992188,
    -1.6436933279037476,
    -1.7074300050735474,
    -1.6795451641082764,
    -1.7353147268295288,
    -1.7233641147613525,
    -1.2254219055175781,
    -0.6557759642601013,
    -0.6717101335525513,
    -0.14986665546894073,
    0.6309067606925964,
    0.1449151486158371,
    0.3401084840297699,
    0.20068466663360596,
    0.04931023716926575,
    0.009474857710301876,
    0.02540900930762291,
    0.31222373247146606,
    0.35604265332221985,
    0.5153841376304626,
    0.6428573727607727
  ],
  "scaler_mean": 750.6214968498805,
  "scaler_scale": 251.03313738242613
}