{"model": "linear", "site": "273", "seq_len": 192, "pred_len": 24, "params": 4632, "val_mse": 0.030666, "mse_float": 0.0308, "true_future": [0.6816532611846924, 0.5889441967010498, -0.09373167902231216, -0.8354042172431946, -1.0376784801483154, -0.9786818623542786, -0.9112570881843567, -1.1893842220306396, -1.2146685123443604, -1.3410899639129639, -1.0461065769195557, 0.024261675775051117, -0.28757789731025696, 0.06640215963125229, 0.22653600573539734, 0.3108169734477997, 0.5552317500114441, 0.6732251644134521, 0.45409461855888367, 0.740649938583374, 0.6226565837860107, 0.5215193629264832, 0.5636598467826843, 0.3698136508464813], "scaler_mean": 387.12133391266565, "scaler_scale": 118.65074821110815, "fused_from": "linear"}