{
  "model": "dlinear",
  "site": "72",
  "seq_len": 192,
  "pred_len": 24,
  "params": 9264,
  "val_mse": 0.097837,
  "mse_float": 0.071449,
  "true_future": [
    0.45308488607406616,
    0.3213135004043579,
    0.4375823736190796,
    -0.10500572621822357,
    -0.7948676943778992,
    -1.1979331970214844,
    -1.3452070951461792,
    -1.4227195978164673,
    -1.3374557495117188,
    -1.3994659185409546,
    -1.9420539140701294,
    -1.4692271947860718,
    -0.22127459943294525,
    -0.3452947437763214,
    -0.7328576445579529,
    -0.2987871766090393,
    -0.4073047935962677,
    -0.6088375449180603,
    -0.8181214928627014,
    -0.5158224105834961,
    -0.5623299479484558,
    -0.48481738567352295,
    -0.06624943017959595,
    0.9801704287528992
  ],
  "scaler_mean": 406.54692591787966,
  "scaler_scale": 129.0113100532669
}