{
  "model": "nlinear",
  "site": "313",
  "seq_len": 192,
  "pred_len": 24,
  "params": 4632,
  "val_mse": 0.012874,
  "mse_float": 0.002288,
  "true_future": [
    0.11880262196063995,
    0.26582592725753784,
    0.00544354785233736,
    -0.3916567265987396,
    -0.6699017286300659,
    -0.9639483094215393,
    -1.0120400190353394,
    -1.0546356439590454,
    -1.0697500705718994,
    -1.067689061164856,
    -1.0670020580291748,
    -1.065627932548523,
    -0.9845590591430664,
    -0.6170008182525635,
    0.14284849166870117,
    0.24384112656116486,
    0.23422278463840485,
    0.24246707558631897,
    0.2823145091533661,
    0.3963606059551239,
    0.36681854724884033,
    0.3063603639602661,
    0.35926127433776855,
    0.20468071103096008
  ],
  "scaler_mean": 200907.6634803389,
  "scaler_scale": 145555.17147127216
}