{"model": "dlinear", "site": "130", "seq_len": 192, "pred_len": 24, "params": 4632, "val_mse": 0.259585, "mse_float": 0.758055, "true_future": [0.40050914883613586, 0.8434505462646484, 0.991097629070282, 1.0095535516738892, 0.9541859030723572, 0.5420042872428894, -0.7129963040351868, -0.9836826920509338, -0.9836826920509338, -0.9406189322471619, -1.0759621858596802, -1.0944180488586426, -0.9898346662521362, -0.8544914722442627, -0.7622119784355164, -0.6084129214286804, -0.5653491616249084, -0.5099815130233765, -0.5038295388221741, -0.39309418201446533, -0.4238539934158325, 0.043695248663425446, 0.2897737920284271, 0.17288649082183838], "scaler_mean": 216.89734955463828, "scaler_scale": 162.54972366985268, "fused_from": "dlinear"}