{
  "model": "linear",
  "site": "197",
  "seq_len": 192,
  "pred_len": 24,
  "params": 4632,
  "val_mse": 0.054168,
  "mse_float": 0.05553,
  "true_future": [
    -0.3501043915748596,
    -0.1876102089881897,
    -0.32794609665870667,
    -1.214277982711792,
    -1.5909689664840698,
    -1.5909689664840698,
    -1.657443881034851,
    -1.5761967897415161,
    -1.5540385246276855,
    -1.7017605304718018,
    -0.5273707509040833,
    -0.5716873407363892,
    -0.5938456654548645,
    -0.16545189917087555,
    -0.10636311769485474,
    0.07828935980796814,
    0.10783375799655914,
    -0.26885730028152466,
    -0.12113530933856964,
    0.09306155890226364,
    0.1004476547241211,
    0.344188928604126,
    0.01920056715607643,
    0.048744965344667435
  ],
  "scaler_mean": 473.40044536172064,
  "scaler_scale": 135.38946655299947
}