{
  "model": "linear",
  "site": "18",
  "seq_len": 192,
  "pred_len": 24,
  "params": 4632,
  "val_mse": 0.257731,
  "mse_float": 0.036459,
  "true_future": [
    0.21140502393245697,
    0.25065454840660095,
    0.5646506547927856,
    -0.11730967462062836,
    -0.8139885663986206,
    -1.0936414003372192,
    -1.3732942342758179,
    -1.4370746612548828,
    -1.4125436544418335,
    -1.535198450088501,
    -1.657853126525879,
    -1.3095136880874634,
    -0.5833976864814758,
    -0.39205628633499146,
    -0.4607429504394531,
    -0.3675253391265869,
    -0.5392419695854187,
    -0.9219247698783875,
    -0.5147110223770142,
    -0.23015204071998596,
    -0.1320282518863678,
    0.3880278468132019,
    0.18196788430213928,
    0.5548382997512817
  ],
  "scaler_mean": 663.910547469042,
  "scaler_scale": 203.82416870530258
}