{"model": "dlinear", "site": "212", "seq_len": 192, "pred_len": 24, "params": 4632, "val_mse": 0.049005, "mse_float": 0.061527, "true_future": [0.7065305709838867, 0.6755025386810303, -0.3104993999004364, -1.120675802230835, -1.234445333480835, -1.2516831159591675, -1.1551514863967896, -1.234445333480835, -1.3482147455215454, -1.0999904870986938, -0.9345076680183411, 0.027361396700143814, -0.14501656591892242, 0.43762096762657166, 0.47899165749549866, 0.9719926714897156, 0.9616499543190002, 0.6341318488121033, 0.7341110706329346, 0.6513696312904358, 0.5962086915969849, 0.8961463570594788, 0.6789501309394836, 0.6513696312904358], "scaler_mean": 969.0635455137954, "scaler_scale": 290.060275416205, "fused_from": "dlinear"}