{
  "model": "nlinear",
  "site": "254",
  "seq_len": 192,
  "pred_len": 24,
  "params": 4632,
  "val_mse": 0.04917,
  "mse_float": 0.018775,
  "true_future": [
    -0.1264592856168747,
    0.007093279156833887,
    -0.49622052907943726,
    -1.3553422689437866,
    -1.3144792318344116,
    -1.3553422689437866,
    -1.5835776329040527,
    -1.530754566192627,
    -1.9473588466644287,
    -1.7769298553466797,
    -1.6902203559875488,
    -0.5301069617271423,
    -0.7204692363739014,
    -0.3517046868801117,
    -0.028786515817046165,
    0.22635869681835175,
    0.12370261549949646,
    0.08582949638366699,
    0.00011665242345770821,
    0.01805655099451542,
    -0.027789855375885963,
    -0.0746329203248024,
    -0.04871973395347595,
    0.09479944407939911
  ],
  "scaler_mean": 3809.8829567673256,
  "scaler_scale": 1003.3502045640333
}