{
  "model": "nlinear",
  "site": "260",
  "seq_len": 192,
  "pred_len": 24,
  "params": 4632,
  "val_mse": 0.048136,
  "mse_float": 0.110367,
  "true_future": [
    -0.017854543402791023,
    -0.3775359094142914,
    -0.4211336374282837,
    -0.6282228827476501,
    -0.9116082191467285,
    -0.7590161561965942,
    -0.8898093700408936,
    -0.9988037347793579,
    -1.3584851026535034,
    -0.6391223669052124,
    0.538016676902771,
    0.03664263337850571,
    -0.050552848726511,
    -0.0287539791315794,
    0.538016676902771,
    0.4508211612701416,
    0.2655307650566101,
    0.33092737197875977,
    0.28732964396476746,
    0.14563697576522827,
    0.33092737197875977,
    0.4508211612701416,
    0.37452512979507446,
    0.2546313405036926
  ],
  "scaler_mean": 278.63811644579624,
  "scaler_scale": 91.74787395397705
}