{
  "model": "dlinear",
  "site": "302",
  "seq_len": 192,
  "pred_len": 24,
  "params": 9264,
  "val_mse": 0.038681,
  "mse_float": 0.026499,
  "true_future": [
    0.043211352080106735,
    0.2929456830024719,
    -0.18846368789672852,
    -0.6678091287612915,
    -1.0669196844100952,
    -1.1471545696258545,
    -1.1538623571395874,
    -1.158506155014038,
    -1.1605700254440308,
    -1.1618599891662598,
    -1.1412208080291748,
    -1.0829150676727295,
    -1.0666617155075073,
    -0.9464383721351624,
    -0.5315904021263123,
    -0.17246830463409424,
    0.44644975662231445,
    0.12989600002765656,
    0.1861378252506256,
    0.17040042579174042,
    0.09919518977403641,
    0.12447820603847504,
    0.21735461056232452,
    0.18845973908901215
  ],
  "scaler_mean": 6679.507658049099,
  "scaler_scale": 3876.118933219454
}