{
  "model": "linear",
  "site": "22",
  "seq_len": 192,
  "pred_len": 24,
  "params": 4632,
  "val_mse": 0.125443,
  "mse_float": 0.053521,
  "true_future": [
    0.49732786417007446,
    0.9863226413726807,
    1.6479038000106812,
    1.216437816619873,
    0.0370975099503994,
    -0.5381904244422913,
    -0.7970700263977051,
    -0.8545988202095032,
    -0.8833631873130798,
    -0.7683055996894836,
    -1.4011223316192627,
    -1.0559495687484741,
    -0.9408919811248779,
    -0.6820124387741089,
    -0.9121276140213013,
    -0.9408919811248779,
    -0.5957192182540894,
    -0.7107768058776855,
    -0.6820124387741089,
    -0.9408919811248779,
    -1.1710071563720703,
    -0.739541232585907,
    -0.7970700263977051,
    -0.27931085228919983
  ],
  "scaler_mean": 86.71029763197915,
  "scaler_scale": 34.765199442944066
}