{"model": "nlinear", "site": "71", "seq_len": 192, "pred_len": 24, "params": 4632, "val_mse": 0.139507, "mse_float": 0.069776, "true_future": [1.0661290884017944, 1.5598233938217163, 1.4363998174667358, 0.5724349021911621, -0.16810637712478638, -0.6206594109535217, -0.6618005633354187, -0.7029417753219604, -0.7440829277038574, -0.9497888684272766, -1.3612006902694702, -1.0732123851776123, 0.1610230952501297, -0.29152992367744446, -0.9909300804138184, -1.0320712327957153, -0.7852241396903992, -0.9497888684272766, -0.6206594109535217, -0.7440829277038574, -0.9086477160453796, -0.9086477160453796, -0.4560946524143219, 0.32558783888816833], "scaler_mean": 59.08608516185097, "scaler_scale": 24.30654418269456, "fused_from": "nlinear"}