{
  "model": "linear",
  "site": "46",
  "seq_len": 192,
  "pred_len": 24,
  "params": 4632,
  "val_mse": 0.037957,
  "mse_float": 0.032858,
  "true_future": [
    -0.6851725578308105,
    -0.560305118560791,
    -0.14408040046691895,
    -0.49787142872810364,
    -0.601927638053894,
    -1.1430197954177856,
    -0.9765298962593079,
    -1.1846421957015991,
    -1.1846421957015991,
    -1.2054535150527954,
    -1.3719433546066284,
    -0.8516624569892883,
    -1.0597748756408691,
    -0.7684175372123718,
    -0.9349074363708496,
    -0.9349074363708496,
    -0.5394939184188843,
    -0.9973410964012146,
    -1.0181523561477661,
    -1.1638309955596924,
    -1.1638309955596924,
    -1.1430197954177856,
    -0.7892287373542786,
    -0.41462647914886475
  ],
  "scaler_mean": 104.92320225939605,
  "scaler_scale": 48.05096403720963
}