{
  "model": "nlinear",
  "site": "279",
  "seq_len": 192,
  "pred_len": 24,
  "params": 4632,
  "val_mse": 0.047617,
  "mse_float": 0.04648,
  "true_future": [
    -0.13203170895576477,
    -0.07761742919683456,
    -0.6889779567718506,
    -1.2843343019485474,
    -1.3483511209487915,
    -1.4539787769317627,
    -1.7260502576828003,
    -1.7740628719329834,
    -1.78046452999115,
    -1.7740628719329834,
    -1.325945258140564,
    -0.40090230107307434,
    -0.679375410079956,
    0.05681787431240082,
    0.23606494069099426,
    0.5433456301689148,
    0.29688090085983276,
    -0.020002298057079315,
    0.04401451349258423,
    0.05361703410744667,
    0.5721532106399536,
    0.24886830151081085,
    0.19445401430130005,
    0.4473204016685486
  ],
  "scaler_mean": 983.2490766891158,
  "scaler_scale": 312.41794575434835
}