{"model": "nlinear", "site": "68", "seq_len": 192, "pred_len": 24, "params": 4632, "val_mse": 0.273608, "mse_float": 0.044463, "true_future": [-0.8062001466751099, -0.3374553918838501, -0.13656477630138397, -0.22026920318603516, -0.48812335729599, -0.57182776927948, -0.3876780569553375, -0.4044189155101776, -0.5216051340103149, -0.6722730994224548, -1.2916858196258545, -1.1577587127685547, -0.65553218126297, 1.1190015077590942, 1.420337438583374, 2.1569364070892334, 1.3868557214736938, 0.09780760854482651, 0.7841838598251343, 1.3366330862045288, 1.252928614616394, 1.537523627281189, 0.7507020831108093, -0.10308300703763962], "scaler_mean": 141.1575602867695, "scaler_scale": 59.7340000900764, "fused_from": "nlinear"}