{
  "model": "linear",
  "site": "155",
  "seq_len": 192,
  "pred_len": 24,
  "params": 4632,
  "val_mse": 0.039468,
  "mse_float": 0.030239,
  "true_future": [
    -0.16754843294620514,
    -0.15339697897434235,
    -0.2587592899799347,
    -0.39400944113731384,
    -1.137696623802185,
    -1.526050329208374,
    -1.6267331838607788,
    -1.5669574737548828,
    -1.6282804012298584,
    -0.8751211762428284,
    -0.5606569647789001,
    -0.7462108135223389,
    -0.14237771928310394,
    0.036874037235975266,
    0.05419541522860527,
    0.10917853564023972,
    0.1595199704170227,
    -0.05905395746231079,
    -0.00871251616626978,
    -0.05278958007693291,
    0.08563051372766495,
    0.09661204367876053,
    0.10132919251918793,
    -0.008750253356993198
  ],
  "scaler_mean": 79607.87334347166,
  "scaler_scale": 26499.04318308453
}