{"model": "linear", "site": "11", "seq_len": 192, "pred_len": 24, "params": 4632, "val_mse": 0.240285, "mse_float": 0.104958, "true_future": [0.2081000953912735, -0.19810958206653595, -0.6246297359466553, -0.7126418352127075, -0.6517103910446167, -0.6110894083976746, -0.6584805250167847, -0.6720208525657654, -0.7058717012405396, -0.7058717012405396, -0.8751257061958313, -0.5027668476104736, 1.670454978942871, 2.2797694206237793, 2.2120678424835205, 2.2526888847351074, 1.731386423110962, 1.2303944826126099, 2.029273509979248, 2.1443662643432617, 1.8126282691955566, 1.6636847257614136, 0.925737202167511, 0.29611217975616455], "scaler_mean": 280.26216597870956, "scaler_scale": 147.7069677908163, "fused_from": "linear"}