{"model": "nlinear", "site": "123", "seq_len": 192, "pred_len": 24, "params": 4632, "val_mse": 0.11459, "mse_float": 0.121567, "true_future": [-0.27776455879211426, -0.35107123851776123, -0.4412948191165924, -0.9093297719955444, -0.9544415473937988, -0.9769974946975708, -0.9769974946975708, -0.9826364517211914, -0.9939144253730774, -0.8191061615943909, -0.4751286804676056, -0.30032044649124146, 0.8105576634407043, 1.081228494644165, 0.692139208316803, 0.4158293902873993, 2.0454931259155273, 1.949630618095398, 1.8368511199951172, 1.7861003875732422, 1.752266526222229, 1.583097219467163, 0.9966438412666321, 0.8500304818153381], "scaler_mean": 393.2579839235281, "scaler_scale": 177.3371875526734, "fused_from": "nlinear"}