{"model": "linear", "site": "33", "seq_len": 192, "pred_len": 24, "params": 4632, "val_mse": 0.160979, "mse_float": 0.115045, "true_future": [0.4763753116130829, 0.4373495578765869, 1.0617618560791016, 0.8471201062202454, -0.4602431654930115, -0.7724493145942688, -0.8505008816719055, -0.9675781726837158, -1.0456297397613525, -0.5578075647354126, -1.1822198629379272, -0.6358591318130493, -0.38219162821769714, 0.14465627074241638, 0.3788108825683594, 0.06660473346710205, -0.16754989326000214, -0.49926894903182983, -0.5773204565048218, -0.518781840801239, -0.6358591318130493, -0.14803700149059296, 0.9251716732978821, 1.7251999378204346], "scaler_mean": 167.5866282859005, "scaler_scale": 51.24818782947477, "fused_from": "linear"}