{
  "model": "linear",
  "site": "83",
  "seq_len": 192,
  "pred_len": 24,
  "params": 4632,
  "val_mse": 0.458902,
  "mse_float": 0.794174,
  "true_future": [
    -0.3833024203777313,
    -0.35064879059791565,
    -0.34598398208618164,
    -0.3693080246448517,
    -0.3693080246448517,
    -0.35997840762138367,
    -0.3693080246448517,
    -0.3693080246448517,
    -0.3693080246448517,
    -0.35997840762138367,
    -0.3693080246448517,
    -0.3693080246448517,
    -0.09408453851938248,
    0.1671445220708847,
    0.3350774943828583,
    0.3397423028945923,
    -0.25268790125846863,
    2.3782620429992676,
    3.6844072341918945,
    0.493680864572525,
    0.3117534816265106,
    -0.25735270977020264,
    -0.35064879059791565,
    -0.3693080246448517
  ],
  "scaler_mean": 91.16902020421465,
  "scaler_scale": 214.3712471632221
}