{"model": "nlinear", "site": "289", "seq_len": 192, "pred_len": 24, "params": 4632, "val_mse": 0.074587, "mse_float": 0.024059, "true_future": [0.05618869513273239, 0.6290549039840698, 0.18627184629440308, -0.5166774988174438, -1.2571507692337036, -1.494802713394165, -1.5498378276824951, -1.5598442554473877, -1.5498378276824951, -1.2996779680252075, -0.8543933629989624, -0.5967286229133606, -0.05388166010379791, 0.19877983629703522, 0.23130062222480774, 0.2187926322221756, 0.18377025425434113, 0.1412430703639984, 0.12123027443885803, 0.12123027443885803, 0.45644453167915344, 0.5214861035346985, 0.5214861035346985, 0.4914669394493103], "scaler_mean": 971.5388876819466, "scaler_scale": 399.7443188893023, "fused_from": "nlinear"}