{
  "model": "linear",
  "site": "113",
  "seq_len": 192,
  "pred_len": 24,
  "params": 4632,
  "val_mse": 0.603096,
  "mse_float": 0.086367,
  "true_future": [
    -0.5077482461929321,
    -0.48374903202056885,
    -0.48374903202056885,
    -0.48374903202056885,
    -0.5077482461929321,
    -0.5317474603652954,
    -0.5317474603652954,
    -0.5077482461929321,
    -0.5317474603652954,
    -0.5317474603652954,
    -0.5317474603652954,
    -0.5317474603652954,
    -0.3677527904510498,
    -0.2717559039592743,
    0.08023267984390259,
    0.29222580790519714,
    0.3402242362499237,
    0.2962256669998169,
    0.22422800958156586,
    0.6762133836746216,
    0.5562172532081604,
    -0.007764467038214207,
    -0.2197575867176056,
    -0.2917552590370178
  ],
  "scaler_mean": 270.9411796654356,
  "scaler_scale": 250.00810537562052
}