{"model": "linear", "site": "287", "seq_len": 192, "pred_len": 24, "params": 4632, "val_mse": 0.111479, "mse_float": 0.0082, "true_future": [-0.10232368111610413, -0.23385922610759735, -0.3704538345336914, -0.8814188241958618, -0.9421275854110718, -1.058485984802246, -1.1191946268081665, -1.1191946268081665, -1.1191946268081665, -1.1040174961090088, -0.9117732048034668, -0.8257691860198975, -0.7296470403671265, -0.5981115102767944, -0.6031705737113953, -0.6284658908843994, -0.6031705737113953, -0.5981115102767944, -0.5930524468421936, -0.6132887005805969, -0.6132887005805969, -0.6183477640151978, -0.5525799989700317, -0.47163501381874084], "scaler_mean": 301.2258309797958, "scaler_scale": 197.66519847010403, "fused_from": "linear"}