{"model": "dlinear", "site": "93", "seq_len": 192, "pred_len": 24, "params": 4632, "val_mse": 0.012038, "mse_float": 0.006205, "true_future": [0.5142326354980469, 0.6088749170303345, 0.4891234338283539, -0.1668056845664978, -0.9050156474113464, -1.168468952178955, -1.168082594871521, -1.2716097831726074, -1.3291677236557007, -1.313715934753418, -1.2692919969558716, -1.2210050821304321, -1.0000442266464233, -0.4812498986721039, 0.5459088087081909, 0.5065067410469055, 0.5157778263092041, 0.5702453851699829, 0.6104201078414917, 0.5775850415229797, 0.5165503621101379, 0.5103696584701538, 0.5095970630645752, 0.5235037207603455], "scaler_mean": 4529.8089289593745, "scaler_scale": 2588.694351410695, "fused_from": "dlinear"}