{
  "model": "linear",
  "site": "255",
  "seq_len": 192,
  "pred_len": 24,
  "params": 4632,
  "val_mse": 0.067683,
  "mse_float": 0.037776,
  "true_future": [
    0.0533771738409996,
    -0.008654650300741196,
    -0.6703274250030518,
    -1.220342993736267,
    -1.2989165782928467,
    -1.1996656656265259,
    -1.319593906402588,
    -1.1913948059082031,
    -1.2472233772277832,
    -1.4726057052612305,
    -0.10377011448144913,
    0.14642490446567535,
    -0.24644331634044647,
    -0.05000919848680496,
    -0.05000919848680496,
    0.0533771738409996,
    0.33458811044692993,
    0.615799069404602,
    0.5062094926834106,
    0.7088468074798584,
    0.7398626804351807,
    0.8080977201461792,
    0.9259581565856934,
    0.8349781632423401
  ],
  "scaler_mean": 1883.1855854877253,
  "scaler_scale": 483.62272270129387
}