{
  "model": "nlinear",
  "site": "164",
  "seq_len": 192,
  "pred_len": 24,
  "params": 4632,
  "val_mse": 0.045331,
  "mse_float": 0.019441,
  "true_future": [
    0.21069864928722382,
    0.007255787029862404,
    -0.46264320611953735,
    -1.0207607746124268,
    -1.191796898841858,
    -1.258410930633545,
    -1.5230666399002075,
    -1.924551248550415,
    -1.6526939868927002,
    -0.921739935874939,
    -0.7272989749908447,
    -1.0927759408950806,
    -1.013559341430664,
    -0.0053468686528503895,
    0.20529751479625702,
    0.3925369679927826,
    0.5671737790107727,
    0.44654834270477295,
    0.3313240706920624,
    0.3763335645198822,
    0.4069400131702423,
    0.49695897102355957,
    0.5671737790107727,
    0.6049817204475403
  ],
  "scaler_mean": 2078.969856615251,
  "scaler_scale": 555.4385011318195
}