{"model": "linear", "site": "295", "seq_len": 192, "pred_len": 24, "params": 4632, "val_mse": 0.09213, "mse_float": 0.016183, "true_future": [0.10169708728790283, 0.21421204507350922, -0.12124920636415482, -0.781753659248352, -0.9713621735572815, -1.1192984580993652, -1.127632975578308, -1.1338838338851929, -1.1318001747131348, -1.1338838338851929, -1.0338704586029053, -1.002616286277771, -0.8421783447265625, -0.7046600580215454, -0.3233594000339508, -0.05249007046222687, -0.19000834226608276, 0.010018236003816128, -0.04623924195766449, 0.051690440624952316, -0.044155631214380264, -0.06499173492193222, -0.07332617044448853, -0.12333282083272934], "scaler_mean": 704.1918857267, "scaler_scale": 479.9362082780158, "fused_from": "linear"}