{
  "model": "nlinear",
  "site": "286",
  "seq_len": 192,
  "pred_len": 24,
  "params": 4632,
  "val_mse": 0.059278,
  "mse_float": 0.008905,
  "true_future": [
    0.4728538393974304,
    0.8170398473739624,
    0.7142977118492126,
    -0.4312765300273895,
    -1.145334005355835,
    -1.3354068994522095,
    -1.2429389953613281,
    -1.2686245441436768,
    -1.2686245441436768,
    -1.2583503723144531,
    -1.1864309310913086,
    -1.1093742847442627,
    -0.9141643643379211,
    -0.040856607258319855,
    0.00024022631987463683,
    0.15435336530208588,
    0.35983753204345703,
    0.2981922924518585,
    0.31874069571495056,
    0.349563330411911,
    0.31874069571495056,
    0.3290148973464966,
    0.38038596510887146,
    0.3855230510234833
  ],
  "scaler_mean": 327.95323701933523,
  "scaler_scale": 194.66219183469266
}