{
  "model": "nlinear",
  "site": "165",
  "seq_len": 192,
  "pred_len": 24,
  "params": 4632,
  "val_mse": 0.059228,
  "mse_float": 0.029156,
  "true_future": [
    0.1390371024608612,
    0.2256094366312027,
    -0.33522868156433105,
    -1.5999374389648438,
    -1.8107222318649292,
    -1.863418459892273,
    -1.837070345878601,
    -1.822014331817627,
    -1.7429699897766113,
    -0.8245505094528198,
    -0.8508986234664917,
    -0.6363497972488403,
    -0.24865636229515076,
    0.2707776129245758,
    0.23690147697925568,
    0.39499008655548096,
    0.3460578918457031,
    0.14656513929367065,
    0.19926133751869202,
    0.14656513929367065,
    0.29336169362068176,
    0.07881288230419159,
    0.3310018479824066,
    0.18796929717063904
  ],
  "scaler_mean": 812.0614816424071,
  "scaler_scale": 265.6738104534813
}