{
  "model": "nlinear",
  "site": "65",
  "seq_len": 192,
  "pred_len": 24,
  "params": 4632,
  "val_mse": 0.132078,
  "mse_float": 0.071629,
  "true_future": [
    0.19651280343532562,
    0.7623860836029053,
    0.9147366285324097,
    0.501213788986206,
    -0.195245623588562,
    -0.5978862643241882,
    -0.8917050957679749,
    -0.9352337718009949,
    -1.1964061260223389,
    -1.2725813388824463,
    -1.77316153049469,
    -0.9896447062492371,
    -1.1419951915740967,
    -1.3596388101577759,
    -1.6969863176345825,
    -1.3596388101577759,
    -0.9243516325950623,
    -1.283463478088379,
    -1.3487565517425537,
    -1.5990467071533203,
    -1.6316932439804077,
    -1.3161100149154663,
    -0.46730008721351624,
    0.49033164978027344
  ],
  "scaler_mean": 360.94177710189007,
  "scaler_scale": 91.8933623781153
}