{"model": "nlinear", "site": "115", "seq_len": 192, "pred_len": 24, "params": 4632, "val_mse": 0.058209, "mse_float": 0.005982, "true_future": [-0.16612794995307922, -0.19059891998767853, -0.30683597922325134, -0.30683597922325134, -0.3190714716911316, -0.3680133819580078, -0.37413114309310913, -0.37413114309310913, -0.37413114309310913, -0.37413114309310913, -0.3680133819580078, -0.3007182478904724, -0.4842504560947418, -0.37413114309310913, -0.31295374035835266, -0.3190714716911316, -0.31295374035835266, -0.31295374035835266, -0.33130696415901184, -0.42919081449508667, -0.44142627716064453, -0.44142627716064453, -0.4597795009613037, -0.3618956506252289], "scaler_mean": 209.1551162285466, "scaler_scale": 163.45904032444113, "fused_from": "nlinear"}