{"model": "linear", "site": "10", "seq_len": 192, "pred_len": 24, "params": 4632, "val_mse": 0.124302, "mse_float": 0.072157, "true_future": [0.5579389333724976, 0.9113802909851074, 1.166643500328064, 0.381218284368515, -0.03112991526722908, -0.18821494281291962, -0.6987413167953491, -0.8361907005310059, -0.8165550827980042, -0.7380125522613525, -1.3270814418792725, -0.8165550827980042, -0.6594700217247009, -0.5220206379890442, -0.7380125522613525, -0.5612918734550476, -0.34529998898506165, -0.7772838473320007, -0.40420687198638916, -0.40420687198638916, -0.28639310598373413, -0.0900368019938469, 0.04741260036826134, 0.16522637009620667], "scaler_mean": 163.58537910058658, "scaler_scale": 50.92783100090733, "fused_from": "linear"}