{"model": "nlinear", "site": "50", "seq_len": 192, "pred_len": 24, "params": 4632, "val_mse": 0.401195, "mse_float": 0.196141, "true_future": [-0.3833431303501129, -0.4695558547973633, -0.0471135675907135, -0.124705009162426, -0.9264832139015198, -1.0213171243667603, 0.004614056088030338, 0.030477868393063545, 0.05634168162941933, -0.15056881308555603, -0.1936751753091812, -0.11608373373746872, -0.6764663457870483, -1.142014980316162, -1.1678787469863892, -0.840270459651947, -0.21953898668289185, -0.6247386932373047, -0.633359968662262, -0.7109514474868774, -1.0989086627960205, -0.7626790404319763, -0.44369202852249146, -0.08159865438938141], "scaler_mean": 481.46480556159025, "scaler_scale": 115.99217973191882, "fused_from": "nlinear"}