{"model": "dlinear", "site": "261", "seq_len": 192, "pred_len": 24, "params": 4632, "val_mse": 0.043345, "mse_float": 0.033129, "true_future": [0.04650457575917244, 0.10245654731988907, -0.6062683463096619, -1.3056679964065552, -1.6040784120559692, -1.6600303649902344, -1.641379714012146, -1.7346330881118774, -1.7066570520401, -1.7159823179244995, -0.7554736137390137, -1.02590811252594, -0.867377519607544, -0.4104364812374115, 0.06515523046255112, 0.1584085077047348, 0.18638449907302856, 0.27963778376579285, 0.42884302139282227, 0.3076137602329254, 0.3076137602329254, 0.2982884347438812, 0.2423364669084549, 0.2330111265182495], "scaler_mean": 318.0130892895937, "scaler_scale": 107.23483629604699, "fused_from": "dlinear"}