{
  "model": "dlinear",
  "site": "79",
  "seq_len": 192,
  "pred_len": 24,
  "params": 9264,
  "val_mse": 0.173111,
  "mse_float": 0.051998,
  "true_future": [
    0.14084990322589874,
    0.47106030583381653,
    0.5547756552696228,
    0.3919958472251892,
    -0.1940113604068756,
    -0.33353689312934875,
    -0.6218896508216858,
    -0.6497947573661804,
    -0.6870015263557434,
    -0.6079370975494385,
    -0.8683847188949585,
    -0.8544321656227112,
    -0.33818772435188293,
    0.07573799043893814,
    -0.18936051428318024,
    -0.0033264749217778444,
    0.20131096243858337,
    -0.10564519464969635,
    0.029229480773210526,
    0.07573799043893814,
    -0.17075709998607635,
    0.11759565025568008,
    0.5547756552696228,
    0.6384909152984619
  ],
  "scaler_mean": 491.7152400608299,
  "scaler_scale": 215.01441958673732
}