{
  "model": "linear",
  "site": "191",
  "seq_len": 192,
  "pred_len": 24,
  "params": 4632,
  "val_mse": 0.020754,
  "mse_float": 0.009209,
  "true_future": [
    -0.030902395024895668,
    -0.07861237227916718,
    -0.627277135848999,
    -1.4383467435836792,
    -1.447888731956482,
    -1.5146827697753906,
    -1.5623927116394043,
    -1.5862476825714111,
    -1.5814766883850098,
    -1.4669727087020874,
    -0.7370100617408752,
    -0.5509411692619324,
    -0.46029219031333923,
    -0.06429938226938248,
    0.27921247482299805,
    0.36509042978286743,
    0.20764750242233276,
    0.1885635107755661,
    0.32215145230293274,
    0.2887544631958008,
    0.2887544631958008,
    0.3460064232349396,
    0.32215145230293274,
    0.14085352420806885
  ],
  "scaler_mean": 550.4771344775147,
  "scaler_scale": 209.5997579071886
}