{
  "model": "dlinear",
  "site": "189",
  "seq_len": 192,
  "pred_len": 24,
  "params": 9264,
  "val_mse": 0.040293,
  "mse_float": 0.022944,
  "true_future": [
    -0.0031085240188986063,
    0.028696075081825256,
    -0.8853917121887207,
    -1.4496288299560547,
    -1.4778995513916016,
    -1.422536015510559,
    -1.494390845298767,
    -1.4991027116775513,
    -1.5909826755523682,
    -1.5273734331130981,
    -0.5084483027458191,
    -0.3647386133670807,
    -0.29877349734306335,
    0.18771907687187195,
    0.17593958973884583,
    0.28195491433143616,
    0.3208272159099579,
    0.3149374723434448,
    0.2984462082386017,
    0.27959904074668884,
    0.2937344014644623,
    0.4068174362182617,
    0.4798502027988434,
    0.39621588587760925
  ],
  "scaler_mean": 2517.6389311318703,
  "scaler_scale": 848.9338021642167
}