{
  "model": "dlinear",
  "site": "41",
  "seq_len": 192,
  "pred_len": 24,
  "params": 9264,
  "val_mse": 0.094065,
  "mse_float": 0.057665,
  "true_future": [
    -0.021270498633384705,
    -0.1446809470653534,
    0.10213994979858398,
    -0.03403709828853607,
    -0.5532121062278748,
    -1.0936647653579712,
    -1.2766526937484741,
    -1.3660188913345337,
    -1.2766526937484741,
    -1.3872965574264526,
    -1.851149559020996,
    -1.3660188913345337,
    -0.5659787058830261,
    -0.021270498633384705,
    0.3276831805706024,
    0.0553290918469429,
    0.6766368746757507,
    0.16597294807434082,
    0.01277376338839531,
    -0.22553607821464539,
    -0.23404714465141296,
    -0.12765881419181824,
    0.02128482796251774,
    1.1745342016220093
  ],
  "scaler_mean": 664.9983163154465,
  "scaler_scale": 234.98820269681784
}