{
  "model": "nlinear",
  "site": "141",
  "seq_len": 192,
  "pred_len": 24,
  "params": 4632,
  "val_mse": 0.056816,
  "mse_float": 0.080307,
  "true_future": [
    0.2703392803668976,
    -0.2562272548675537,
    -0.7353165149688721,
    -0.8432194590568542,
    -1.110818862915039,
    -1.3179925680160522,
    -1.460424542427063,
    -1.443160057067871,
    -1.4086310863494873,
    -1.3999989032745361,
    -0.5497233867645264,
    -0.018840709701180458,
    0.11064286530017853,
    0.41277119517326355,
    0.9393377304077148,
    1.3321045637130737,
    0.9738667011260986,
    0.6113126873970032,
    0.8961765766143799,
    0.7451123595237732,
    0.8745959401130676,
    1.0083956718444824,
    0.9997634291648865,
    0.870279848575592
  ],
  "scaler_mean": 651.365196610906,
  "scaler_scale": 231.68961732388684
}