{"model": "nlinear", "site": "307", "seq_len": 192, "pred_len": 24, "params": 4632, "val_mse": 0.082488, "mse_float": 0.031282, "true_future": [0.39961645007133484, 0.23225289583206177, -0.6317048668861389, -0.699554979801178, -0.7854983806610107, -0.8352551460266113, -0.8239467740058899, -0.8262084722518921, -0.8307318091392517, -0.8262084722518921, -0.8262084722518921, -0.8488251566886902, -0.38970622420310974, -0.4982663691043854, -0.7425267100334167, -0.7086016535758972, 0.139524444937706, 0.08976771682500839, 0.09429106116294861, 0.12369276583194733, 0.12143108993768692, 0.14857113361358643, 0.15309447050094604, 0.13047777116298676], "scaler_mean": 468.30909189658917, "scaler_scale": 442.1512381029419, "fused_from": "nlinear"}