{
  "model": "dlinear",
  "site": "51",
  "seq_len": 192,
  "pred_len": 24,
  "params": 9264,
  "val_mse": 0.125161,
  "mse_float": 0.070633,
  "true_future": [
    -0.901419997215271,
    -0.10982732474803925,
    0.5440970659255981,
    -0.07541025429964066,
    -1.039088249206543,
    -1.0735054016113281,
    -1.2455906867980957,
    -1.348841905593872,
    -1.3832590579986572,
    -1.4176760911941528,
    -1.7618467807769775,
    -1.348841905593872,
    -1.1767566204071045,
    -1.2455906867980957,
    -1.348841905593872,
    -0.5916663408279419,
    -0.38516390323638916,
    -0.7293346524238586,
    -0.6260834336280823,
    -0.7293346524238586,
    -0.6949175596237183,
    -0.7981687784194946,
    -0.5916663408279419,
    -0.6949175596237183
  ],
  "scaler_mean": 114.19107104062567,
  "scaler_scale": 29.05534753355068
}