{"model": "dlinear", "site": "220", "seq_len": 192, "pred_len": 24, "params": 4632, "val_mse": 0.064435, "mse_float": 0.010742, "true_future": [0.27789539098739624, 0.1655324101448059, -0.4594866931438446, -1.3057204484939575, -1.3302998542785645, -1.3724359273910522, -1.3232771158218384, -1.3654133081436157, -1.4918216466903687, -1.4496854543685913, -1.2319822311401367, -0.44895267486572266, -0.4173505902290344, -0.1294204294681549, 0.0988168865442276, 0.246293306350708, 0.3797243535518646, 0.33758822083473206, 0.3200315237045288, 0.4148377776145935, 0.3094974756240845, 0.3410995900630951, 0.18308913707733154, 0.19011181592941284], "scaler_mean": 747.8578101238323, "scaler_scale": 284.79129226744885, "fused_from": "dlinear"}