{"model": "nlinear", "site": "211", "seq_len": 192, "pred_len": 24, "params": 4632, "val_mse": 0.041175, "mse_float": 0.026209, "true_future": [0.501240611076355, 0.2634366750717163, -0.38840094208717346, -1.1888660192489624, -1.1803730726242065, -1.3459864854812622, -1.220714807510376, -1.2270845174789429, -1.3502329587936401, -1.3650957345962524, -0.8300368785858154, -0.6623001098632812, -0.3140872120857239, 0.35685965418815613, 0.5054870843887329, 0.7602770328521729, 0.7199352979660034, 0.6668540835380554, 0.6711005568504333, 0.47576162219047546, 0.6604843139648438, 0.6987028121948242, 0.7475375533103943, 0.6137728095054626], "scaler_mean": 1284.9276015641972, "scaler_scale": 470.9762004462141, "fused_from": "nlinear"}