{
  "model": "nlinear",
  "site": "137",
  "seq_len": 192,
  "pred_len": 24,
  "params": 4632,
  "val_mse": 0.051338,
  "mse_float": 0.033383,
  "true_future": [
    0.11056120693683624,
    -0.1654626578092575,
    -0.41848450899124146,
    -0.7175103425979614,
    -0.6945083737373352,
    -1.131546139717102,
    -1.4305720329284668,
    -1.246556043624878,
    -1.4305720329284668,
    -1.637589931488037,
    -0.8785243034362793,
    0.01855325512588024,
    0.08755922317504883,
    0.47859302163124084,
    0.31757909059524536,
    0.8236228227615356,
    0.3635830879211426,
    0.4095870554447174,
    0.08755922317504883,
    0.5936029553413391,
    0.6856108903884888,
    0.7086129188537598,
    0.3865850567817688,
    0.31757909059524536
  ],
  "scaler_mean": 158.19340647403868,
  "scaler_scale": 43.47450270418472
}