{
  "model": "dlinear",
  "site": "256",
  "seq_len": 192,
  "pred_len": 24,
  "params": 9264,
  "val_mse": 0.050164,
  "mse_float": 0.024678,
  "true_future": [
    0.03068072907626629,
    0.05307847633957863,
    -0.3426150679588318,
    -1.0145474672317505,
    -1.148934006690979,
    -1.2609226703643799,
    -1.2907863855361938,
    -1.283320426940918,
    -1.2982522249221802,
    -1.2907863855361938,
    -0.372478723526001,
    -0.17089898884296417,
    -0.13356941938400269,
    0.23972636461257935,
    0.45623791217803955,
    0.3293173611164093,
    0.3293173611164093,
    0.15013538300991058,
    0.1277376264333725,
    -0.08130800724029541,
    0.038146644830703735,
    0.3293173611164093,
    0.2919877767562866,
    0.0008170660585165024
  ],
  "scaler_mean": 516.8905605040192,
  "scaler_scale": 133.9420419013938
}