{
  "model": "dlinear",
  "site": "177",
  "seq_len": 192,
  "pred_len": 24,
  "params": 9264,
  "val_mse": 0.03625,
  "mse_float": 0.010695,
  "true_future": [
    0.26304036378860474,
    0.1171932965517044,
    0.08829272538423538,
    -0.6678268909454346,
    -1.5099760293960571,
    -1.5738261938095093,
    -1.5845798254013062,
    -1.3856364488601685,
    -1.0072405338287354,
    -1.0280758142471313,
    -0.9252435564994812,
    -1.2922136783599854,
    -1.3063278198242188,
    -0.4137706756591797,
    0.12055382877588272,
    0.1884365677833557,
    0.13063542544841766,
    -0.008490580134093761,
    0.13332384824752808,
    0.19986237585544586,
    0.16760127246379852,
    0.2536308765411377,
    0.26640090346336365,
    0.36049577593803406
  ],
  "scaler_mean": 5079.632793830111,
  "scaler_scale": 1487.8598701403191
}