{"model": "nlinear", "site": "192", "seq_len": 192, "pred_len": 24, "params": 4632, "val_mse": 0.076448, "mse_float": 0.05614, "true_future": [-0.14875292778015137, 0.1310148388147354, -0.3410932719707489, -1.1366828680038452, -1.4776498079299927, -1.7137038707733154, -1.7749030590057373, -1.7224466800689697, -1.4776498079299927, -0.6995457410812378, -0.9443424940109253, -0.2711513340473175, -0.5684046149253845, -0.07881098985671997, 0.12227208912372589, -0.00012630727724172175, -0.0525827631354332, 0.008616435341536999, 0.03484466299414635, 0.14850032329559326, 0.20969951152801514, 0.3495834171772003, 0.20969951152801514, 0.22718501091003418], "scaler_mean": 348.0144470997176, "scaler_scale": 114.38058162850633, "fused_from": "nlinear"}