{
  "model": "nlinear",
  "site": "275",
  "seq_len": 192,
  "pred_len": 24,
  "params": 4632,
  "val_mse": 0.049206,
  "mse_float": 0.11601,
  "true_future": [
    0.16961441934108734,
    -0.12348871678113937,
    -0.21874724328517914,
    -0.4092642664909363,
    -0.5338330864906311,
    -0.6510743498802185,
    -0.6730570793151855,
    -0.8196086883544922,
    -1.3618494272232056,
    -1.4937459230422974,
    -1.3545218706130981,
    -0.3140057623386383,
    -0.32866090536117554,
    0.023062847554683685,
    0.052373163402080536,
    0.4920278489589691,
    0.4773727059364319,
    0.1403041034936905,
    0.16961441934108734,
    0.11099378764629364,
    0.03771800547838211,
    0.7045276165008545,
    0.35280388593673706,
    -0.0795232504606247
  ],
  "scaler_mean": 448.85259613295676,
  "scaler_scale": 136.47073440248863
}