{"model": "linear", "site": "224", "seq_len": 192, "pred_len": 24, "params": 4632, "val_mse": 0.036138, "mse_float": 0.01255, "true_future": [0.13379496335983276, 0.023369887843728065, -0.6692965030670166, -1.4021174907684326, -1.4924652576446533, -1.512542486190796, -1.512542486190796, -1.6028903722763062, -1.6129289865493774, -1.2113832235336304, -0.8198761343955994, -0.73956698179245, -0.3179439902305603, -0.10713247209787369, -0.12720976769924164, 0.24422003328800201, 0.2542586922645569, 0.17394953966140747, 0.23418138921260834, 0.08360175043344498, 0.12375631928443909, 0.2944132685661316, 0.19402682781219482, 0.04344717413187027], "scaler_mean": 280.67200738648705, "scaler_scale": 99.61505483141696, "fused_from": "linear"}