{"model": "linear", "site": "278", "seq_len": 192, "pred_len": 24, "params": 4632, "val_mse": 0.024494, "mse_float": 0.016401, "true_future": [0.3356175720691681, 0.1598271280527115, -0.18141312897205353, -0.5355791449546814, -0.6570813655853271, -0.5304088592529297, -1.1120684146881104, -1.3705836534500122, -1.3111251592636108, -1.1947932243347168, -0.48646122217178345, -0.3856402635574341, -0.01854846253991127, 0.19860441982746124, 0.30718088150024414, 0.3821503221988678, 0.48297131061553955, 0.4183424711227417, 0.4700455367565155, 0.30976602435112, 0.45194947719573975, 0.6148141026496887, 0.33820271492004395, 0.2477223426103592], "scaler_mean": 1199.1749945687595, "scaler_scale": 386.8242340655097, "fused_from": "linear"}