{
  "model": "linear",
  "site": "282",
  "seq_len": 192,
  "pred_len": 24,
  "params": 4632,
  "val_mse": 0.050348,
  "mse_float": 0.025277,
  "true_future": [
    0.5158632397651672,
    0.4337037205696106,
    -0.21390649676322937,
    -1.6009522676467896,
    -1.5864534378051758,
    -1.6057851314544678,
    -1.7459396123886108,
    -2.0455801486968994,
    -2.09390926361084,
    -2.074577569961548,
    -1.5767877101898193,
    -0.5038812160491943,
    -0.4942153990268707,
    0.13406316936016083,
    0.13889607787132263,
    0.022906197234988213,
    0.31771382689476013,
    0.16789355874061584,
    0.04707075655460358,
    -0.06408622115850449,
    0.2790505290031433,
    0.38537460565567017,
    0.23072141408920288,
    0.38054168224334717
  ],
  "scaler_mean": 844.2603736693461,
  "scaler_scale": 206.9145901297208
}