{
  "model": "dlinear",
  "site": "131",
  "seq_len": 192,
  "pred_len": 24,
  "params": 9264,
  "val_mse": 0.264065,
  "mse_float": 0.121899,
  "true_future": [
    -1.9992012977600098,
    -1.176389455795288,
    -0.9021188020706177,
    0.10680535435676575,
    0.2922179102897644,
    0.1767723560333252,
    0.10400667041540146,
    -0.1310824453830719,
    -0.44733327627182007,
    -0.8286533951759338,
    -0.7097095251083374,
    -0.8762309551239014,
    -1.0063695907592773,
    -1.981709599494934,
    -1.0840330123901367,
    -1.0861319303512573,
    -1.6689571142196655,
    -1.92153799533844,
    -1.509432315826416,
    -1.5423167943954468,
    -1.5954917669296265,
    -1.950924038887024,
    -0.9671880602836609,
    -0.9322046041488647
  ],
  "scaler_mean": 6862.348957201825,
  "scaler_scale": 1429.2452327404171
}