{"model": "nlinear", "site": "301", "seq_len": 192, "pred_len": 24, "params": 4632, "val_mse": 0.05303, "mse_float": 0.028738, "true_future": [0.05232442915439606, -0.35966917872428894, -0.8320496082305908, -0.8924363255500793, -0.9162988662719727, -0.9523361325263977, -0.9645108580589294, -0.976685643196106, -0.976685643196106, -0.940161406993866, -0.9162988662719727, -0.9162988662719727, -0.8690608143806458, -0.7838375568389893, -0.5534912347793579, 0.40393128991127014, 0.05232442915439606, 0.07667393237352371, 0.08884868770837784, 0.19793446362018585, 0.13754770159721375, 0.10102344304323196, 0.14972244203090668, 0.12537294626235962], "scaler_mean": 2705.5554529654573, "scaler_scale": 2053.4298585877796, "fused_from": "nlinear"}