{
  "model": "linear",
  "site": "187",
  "seq_len": 192,
  "pred_len": 24,
  "params": 4632,
  "val_mse": 0.037196,
  "mse_float": 0.019416,
  "true_future": [
    0.49683278799057007,
    0.43593671917915344,
    0.26339787244796753,
    0.23571783304214478,
    -0.8410353064537048,
    -1.7397136688232422,
    -1.7397136688232422,
    -1.6631321907043457,
    -1.7397136688232422,
    -1.4721399545669556,
    -1.173195719718933,
    -0.8862460255622864,
    -0.506106972694397,
    0.31506726145744324,
    0.5318941473960876,
    0.4654620885848999,
    0.6213929057121277,
    0.6121662259101868,
    0.4986781179904938,
    0.6896703243255615,
    0.5669555068016052,
    0.49683278799057007,
    0.5623421669006348,
    0.5604968667030334
  ],
  "scaler_mean": 3692.525744079948,
  "scaler_scale": 1083.813870359283
}