{
  "model": "linear",
  "site": "288",
  "seq_len": 192,
  "pred_len": 24,
  "params": 4632,
  "val_mse": 0.108075,
  "mse_float": 0.015914,
  "true_future": [
    -0.3059138059616089,
    0.12403228878974915,
    0.2783719003200531,
    -0.6991123557090759,
    -1.4891842603683472,
    -1.5149074792861938,
    -1.5185822248458862,
    -1.5222569704055786,
    -1.5149074792861938,
    -1.4120144844055176,
    -1.3164708614349365,
    -1.3936406373977661,
    -1.3385193347930908,
    -0.8461024761199951,
    0.09830901771783829,
    -0.254467248916626,
    -0.32796230912208557,
    -0.3426613211631775,
    -0.3169380724430084,
    -0.2507925033569336,
    -0.24344299733638763,
    -0.33163708448410034,
    -0.3206128180027008,
    -0.36470985412597656
  ],
  "scaler_mean": 668.2474473169672,
  "scaler_scale": 272.12713965011454
}