{"model": "nlinear", "site": "16", "seq_len": 192, "pred_len": 24, "params": 4632, "val_mse": 0.19772, "mse_float": 0.090875, "true_future": [0.5797314643859863, 1.3811968564987183, 0.7800977826118469, 0.37936514616012573, -0.4221002161502838, -0.5222833752632141, -1.023199200630188, -1.1233824491500854, -1.023199200630188, -1.1233824491500854, -1.9248477220535278, -0.12155071645975113, -0.7226497530937195, -0.12155071645975113, -0.5222833752632141, -0.4221002161502838, -0.5222833752632141, -0.4221002161502838, -0.6224665641784668, -0.8228328824043274, -0.9230160713195801, -0.12155071645975113, -0.4221002161502838, 0.7800977826118469], "scaler_mean": 36.21328481425157, "scaler_scale": 9.981716477402058, "fused_from": "nlinear"}