{"model": "linear", "site": "251", "seq_len": 192, "pred_len": 24, "params": 4632, "val_mse": 0.112478, "mse_float": 0.025568, "true_future": [-0.03706376999616623, -0.4321712851524353, -0.9718303084373474, -1.5307629108428955, -1.7716821432113647, -1.7716821432113647, -1.7620452642440796, -1.6464041471481323, -1.704224705696106, -1.790955662727356, -0.3839874267578125, -0.7983684539794922, -0.5959963202476501, -0.09488438069820404, -0.0820353552699089, -0.15270498394966125, 0.03360586613416672, -0.22658687829971313, -0.13664370775222778, -0.10130888968706131, -0.165554016828537, -0.1848275512456894, 0.07215294241905212, 0.09142647683620453], "scaler_mean": 1068.5382359330872, "scaler_scale": 311.30767794880234, "fused_from": "linear"}