{
  "model": "dlinear",
  "site": "284",
  "seq_len": 192,
  "pred_len": 24,
  "params": 9264,
  "val_mse": 0.055737,
  "mse_float": 0.019936,
  "true_future": [
    -0.07824252545833588,
    -0.19598104059696198,
    -0.2868078947067261,
    -0.8183131814002991,
    -1.383458137512207,
    -1.6963061094284058,
    -1.780405044555664,
    -1.7232178449630737,
    -1.7265818119049072,
    -1.7602213621139526,
    -1.2253520488739014,
    -0.5962920188903809,
    -0.6366595029830933,
    -0.2733520567417145,
    0.20769387483596802,
    -0.027783162891864777,
    -0.0008715011063031852,
    0.07313556969165802,
    -0.19934500753879547,
    -0.20270895957946777,
    -0.027783162891864777,
    0.07986348122358322,
    -0.14215771853923798,
    -0.034511078149080276
  ],
  "scaler_mean": 869.2590701716272,
  "scaler_scale": 297.2689031750165
}