{
  "model": "nlinear",
  "site": "203",
  "seq_len": 192,
  "pred_len": 24,
  "params": 4632,
  "val_mse": 0.079305,
  "mse_float": 0.037957,
  "true_future": [
    0.32029104232788086,
    0.558115541934967,
    0.4067726731300354,
    -0.07428140193223953,
    -1.5444691181182861,
    -1.6255457401275635,
    -1.620140552520752,
    -1.6904069185256958,
    -1.814724326133728,
    -1.366100788116455,
    -0.9985538721084595,
    -0.4742589592933655,
    0.04463084414601326,
    -0.014825280755758286,
    0.2500247359275818,
    0.7743196487426758,
    0.5689257383346558,
    0.5797359347343445,
    0.6013563871383667,
    0.5689257383346558,
    0.5527104139328003,
    0.5959512591362,
    0.5202798247337341,
    0.3040757477283478
  ],
  "scaler_mean": 773.7428307625462,
  "scaler_scale": 185.01038149610108
}