{
  "model": "linear",
  "site": "270",
  "seq_len": 192,
  "pred_len": 24,
  "params": 4632,
  "val_mse": 0.019318,
  "mse_float": 0.024354,
  "true_future": [
    0.790769100189209,
    0.754960834980011,
    0.12515683472156525,
    -0.7363476157188416,
    -0.9153889417648315,
    -1.0417709350585938,
    -1.012281894683838,
    -1.020707368850708,
    -1.024920105934143,
    -1.0417709350585938,
    -0.46673256158828735,
    -0.3972223997116089,
    -0.12550094723701477,
    0.2704962193965912,
    0.552749514579773,
    0.5759195685386658,
    0.7044079899787903,
    0.6517488360404968,
    0.6664933562278748,
    0.8328964710235596,
    0.759173572063446,
    0.7444289922714233,
    0.8286837339401245,
    0.9992995262145996
  ],
  "scaler_mean": 1352.5816858570497,
  "scaler_scale": 474.7508710222814
}