{"model": "dlinear", "site": "96", "seq_len": 192, "pred_len": 24, "params": 4632, "val_mse": 0.152232, "mse_float": 0.077657, "true_future": [1.1026567220687866, 2.574523687362671, 2.274862289428711, 1.946556568145752, 1.0938431024551392, 0.26096025109291077, -0.29209160804748535, -1.102940559387207, -1.2175170183181763, -1.2351441383361816, -1.243957757949829, -0.9002283215522766, -0.48158347606658936, -0.22819319367408752, -0.14005744457244873, -0.03870132192969322, -0.18192191421985626, -0.16209137439727783, -0.3603968322277069, -0.43971899151802063, -0.31412553787231445, -0.06073525920510292, 0.34909600019454956, 0.910961389541626], "scaler_mean": 1247.5644145122747, "scaler_scale": 453.8453319174954, "fused_from": "dlinear"}