{"model": "linear", "site": "128", "seq_len": 192, "pred_len": 24, "params": 4632, "val_mse": 0.288971, "mse_float": 0.779575, "true_future": [0.9368617534637451, 0.8755313158035278, 1.6684852838516235, 1.7064776420593262, 1.0730913877487183, 1.6733700037002563, 0.2844793200492859, 0.14553596079349518, 0.400084525346756, 0.48746687173843384, 0.797918438911438, 0.725190281867981, 1.7591241598129272, 2.252481698989868, 2.79034423828125, 2.868499994277954, 2.938514471054077, 2.4712088108062744, 2.8136825561523438, 2.940685272216797, 3.1984903812408447, 2.4305026531219482, 2.2910165786743164, 2.486405849456787], "scaler_mean": 7866.853247881816, "scaler_scale": 1842.4775402978598, "fused_from": "linear"}