{"model": "linear", "site": "268", "seq_len": 192, "pred_len": 24, "params": 4632, "val_mse": 0.035023, "mse_float": 0.026342, "true_future": [0.15642428398132324, 0.32483893632888794, -0.12970878183841705, -1.1041078567504883, -1.3739149570465088, -1.296581745147705, -1.6256777048110962, -1.7554256916046143, -1.8086997270584106, -1.751129388809204, -0.6074564456939697, -0.0506570003926754, 0.006054057274013758, 0.15470576286315918, 0.05503178760409355, 0.1658761203289032, 0.010350349359214306, 0.32569819688796997, 0.34889817237854004, 0.18907609581947327, 0.09799470752477646, 0.4356832802295685, 0.25781679153442383, 0.34889817237854004], "scaler_mean": 4269.954323267434, "scaler_scale": 1163.7942254379946, "fused_from": "linear"}