{
  "model": "nlinear",
  "site": "53",
  "seq_len": 192,
  "pred_len": 24,
  "params": 4632,
  "val_mse": 0.132691,
  "mse_float": 0.02234,
  "true_future": [
    0.16158592700958252,
    0.5686327815055847,
    0.8012309670448303,
    0.11797375977039337,
    -0.3181478679180145,
    -0.8414938449859619,
    -1.0450172424316406,
    -1.0886293649673462,
    -1.2194658517837524,
    -1.3939145803451538,
    -1.859110951423645,
    -1.3939145803451538,
    -1.3503023386001587,
    -1.2194658517837524,
    -1.0595545768737793,
    -0.7688068747520447,
    -0.3472226560115814,
    -0.7833442687988281,
    -0.6088955998420715,
    -0.7397320866584778,
    -0.9868677258491516,
    -0.7688068747520447,
    -0.49259650707244873,
    0.14704853296279907
  ],
  "scaler_mean": 239.88480338909406,
  "scaler_scale": 68.78815026578548
}