{"model": "nlinear", "site": "193", "seq_len": 192, "pred_len": 24, "params": 4632, "val_mse": 0.09277, "mse_float": 0.010688, "true_future": [0.008202062919735909, -0.1274259090423584, -0.37726691365242004, -1.1651582717895508, -1.3891229629516602, -1.4640752077102661, -1.4685367345809937, -1.4123224020004272, -1.4551523923873901, -1.4774595499038696, -0.4129584729671478, -0.18453241884708405, -0.21130110323429108, -0.2898225486278534, -0.40760472416877747, -0.27733051776885986, -0.2675153315067291, -0.21576254069805145, -0.3192681074142456, -0.06139649823307991, -0.14081025123596191, -0.24966953694820404, -0.2675153315067291, -0.09708806872367859], "scaler_mean": 3142.807842711275, "scaler_scale": 1120.7127914329146, "fused_from": "nlinear"}