{"model": "nlinear", "site": "102", "seq_len": 192, "pred_len": 24, "params": 4632, "val_mse": 0.078771, "mse_float": 0.058022, "true_future": [0.8730887174606323, 0.576702892780304, 0.5509302616119385, 0.5251575708389282, -0.15781846642494202, -0.6732720732688904, -0.7505901455879211, -0.8279081583023071, -1.0727486610412598, -1.2789300680160522, -1.356248140335083, -1.0083168745040894, -0.3639999032020569, 0.280317097902298, 0.07413564622402191, 0.3834078013896942, 1.221019983291626, 1.633382797241211, 0.8988614082336426, 0.8344297409057617, 0.757111668586731, 0.7699980139732361, 0.576702892780304, 0.8086570501327515], "scaler_mean": 233.24695850532262, "scaler_scale": 77.60155200333233, "fused_from": "nlinear"}