{
  "model": "linear",
  "site": "42",
  "seq_len": 192,
  "pred_len": 24,
  "params": 4632,
  "val_mse": 0.173095,
  "mse_float": 0.195892,
  "true_future": [
    -0.3746913969516754,
    0.5669960379600525,
    0.9660161137580872,
    1.349075436592102,
    0.23181913793087006,
    -0.3108481764793396,
    -1.1408100128173828,
    -1.1088883876800537,
    -1.6196340322494507,
    -2.0505757331848145,
    -2.4495959281921387,
    -1.8430852890014648,
    -0.6619858741760254,
    -0.18316175043582916,
    -0.789672315120697,
    -0.03951451927423477,
    -0.11931853741407394,
    -0.23104415833950043,
    -0.5023778080940247,
    -0.5183386206626892,
    -0.8854371309280396,
    -1.2844572067260742,
    -1.523869276046753,
    -1.0929275751113892
  ],
  "scaler_mean": 222.4757223549859,
  "scaler_scale": 62.653486593752326
}