{
  "model": "nlinear",
  "site": "259",
  "seq_len": 192,
  "pred_len": 24,
  "params": 4632,
  "val_mse": 0.059152,
  "mse_float": 0.048263,
  "true_future": [
    0.39788833260536194,
    0.1528765708208084,
    -0.4795956611633301,
    -1.2602145671844482,
    -1.3399858474731445,
    -1.4938304424285889,
    -1.545111894607544,
    -1.533716082572937,
    -1.6248831748962402,
    -1.157651424407959,
    -0.5821587443351746,
    -0.08643724024295807,
    -0.29156336188316345,
    -0.04655160382390022,
    0.1642724722623825,
    0.5517329573631287,
    0.1870642602443695,
    0.3466068208217621,
    0.29532527923583984,
    0.4833575487136841,
    0.5631288290023804,
    0.6542959809303284,
    0.4776596128940582,
    0.39788833260536194
  ],
  "scaler_mean": 601.1698892026939,
  "scaler_scale": 175.50177722698174
}