{
  "model": "dlinear",
  "site": "146",
  "seq_len": 192,
  "pred_len": 24,
  "params": 9264,
  "val_mse": 0.026544,
  "mse_float": 0.026324,
  "true_future": [
    0.9848096966743469,
    0.8655704259872437,
    0.3678760826587677,
    0.2797427177429199,
    0.15531913936138153,
    0.07755440473556519,
    -0.15055549144744873,
    -0.07279075682163239,
    -0.19721433520317078,
    -0.25942614674568176,
    0.38861337304115295,
    0.8966763019561768,
    0.5908016562461853,
    0.7463311553001404,
    1.0262842178344727,
    0.8759390711784363,
    0.8500174880027771,
    1.0677587985992432,
    0.8914920091629028,
    1.047021508216858,
    0.8603861331939697,
    1.0003626346588135,
    0.7463311553001404,
    0.9640724062919617
  ],
  "scaler_mean": 210.0405713665001,
  "scaler_scale": 192.8894787291665
}