{
  "model": "nlinear",
  "site": "135",
  "seq_len": 192,
  "pred_len": 24,
  "params": 4632,
  "val_mse": 0.054248,
  "mse_float": 0.084411,
  "true_future": [
    0.6268758773803711,
    0.19365014135837555,
    -0.07069097459316254,
    -0.31300365924835205,
    -0.6948297619819641,
    -0.7756006121635437,
    -0.8490287065505981,
    -0.8270003199577332,
    -1.0105705261230469,
    -1.4584819078445435,
    -1.9798213243484497,
    -0.7829434275627136,
    -0.43048861622810364,
    -0.04866255074739456,
    0.6782755255699158,
    0.3919059932231903,
    0.37722036242485046,
    0.34050631523132324,
    0.5975046157836914,
    0.6048474311828613,
    0.7884176969528198,
    0.7663892507553101,
    0.7517036199569702,
    0.39924880862236023
  ],
  "scaler_mean": 5034.899630675646,
  "scaler_scale": 1498.0643058943408
}