{"model": "linear", "site": "134", "seq_len": 192, "pred_len": 24, "params": 4632, "val_mse": 0.075164, "mse_float": 0.045053, "true_future": [-0.19736835360527039, 0.6689292788505554, 0.9816591143608093, 0.9061726331710815, 0.9708753228187561, 0.934929370880127, 0.21960479021072388, -0.45977383852005005, -0.589179277420044, -0.747341513633728, -0.948638916015625, -1.0564768314361572, -0.5065035820007324, -0.2980170249938965, -0.5208820104598999, -0.5532333254814148, -0.5999630689620972, -0.5172873735427856, -0.6718550324440002, -0.6970171928405762, -0.6035577058792114, -0.8192334771156311, -0.8264226317405701, 0.4568481147289276], "scaler_mean": 444.90696285031504, "scaler_scale": 278.1953826993036, "fused_from": "linear"}