{
  "model": "linear",
  "site": "214",
  "seq_len": 192,
  "pred_len": 24,
  "params": 4632,
  "val_mse": 0.043888,
  "mse_float": 0.032776,
  "true_future": [
    0.7867306470870972,
    -0.06583432108163834,
    -0.7714053392410278,
    -1.6180905103683472,
    -1.7474452257156372,
    -1.806242823600769,
    -1.806242823600769,
    -1.7474452257156372,
    -1.7592047452926636,
    0.04000132530927658,
    -1.0595134496688843,
    -0.930158793926239,
    -0.4597781300544739,
    0.38690707087516785,
    0.6808949708938599,
    1.0454399585723877,
    0.6338568925857544,
    0.13407745957374573,
    0.18699528276920319,
    0.4339451193809509,
    0.3692677915096283,
    0.4515843987464905,
    0.8043699264526367,
    0.6691354513168335
  ],
  "scaler_mean": 612.1967738431458,
  "scaler_scale": 170.07501828576608
}