{
  "model": "dlinear",
  "site": "6",
  "seq_len": 192,
  "pred_len": 24,
  "params": 9264,
  "val_mse": 0.014872,
  "mse_float": 0.009098,
  "true_future": [
    -0.21537140011787415,
    -0.21537140011787415,
    -0.04001748934388161,
    -0.14522983133792877,
    -0.3556545078754425,
    -0.3556545078754425,
    -0.3907252848148346,
    -0.3556545078754425,
    -0.3907252848148346,
    -0.46086686849594116,
    -0.6011499762535095,
    -0.6011499762535095,
    -0.49593764543533325,
    -0.46086686849594116,
    -0.4257960915565491,
    -0.5310084223747253,
    -0.3907252848148346,
    -0.3556545078754425,
    -0.3907252848148346,
    -0.3907252848148346,
    -0.5310084223747253,
    -0.5660791993141174,
    -0.46086686849594116,
    -0.2855129539966583
  ],
  "scaler_mean": 26.141049315663697,
  "scaler_scale": 28.513765056237993
}