{
  "model": "dlinear",
  "site": "7",
  "seq_len": 192,
  "pred_len": 24,
  "params": 9264,
  "val_mse": 0.139422,
  "mse_float": 0.079963,
  "true_future": [
    0.038551852107048035,
    0.4644806981086731,
    0.2114536613225937,
    -0.3156859874725342,
    -0.8217400312423706,
    -1.192846417427063,
    -1.58082115650177,
    -1.5639526844024658,
    -0.5982328653335571,
    -1.0494643449783325,
    -1.9181904792785645,
    -1.251886010169983,
    -0.7964373230934143,
    -0.5518445372581482,
    -0.21447518467903137,
    0.1271113157272339,
    0.5066518783569336,
    0.29157888889312744,
    0.08494014292955399,
    -0.08374454826116562,
    -0.06265895813703537,
    0.055420324206352234,
    -0.03313913941383362,
    0.45182934403419495
  ],
  "scaler_mean": 1032.8582446230719,
  "scaler_scale": 237.12881418676756
}