{"model": "linear", "site": "210", "seq_len": 192, "pred_len": 24, "params": 4632, "val_mse": 0.027696, "mse_float": 0.010328, "true_future": [0.3987996280193329, 0.3281247317790985, -0.3752588927745819, -1.5094228982925415, -1.5127884149551392, -1.5834633111953735, -1.556539535522461, -1.596925139427185, -1.6070215702056885, -1.6204835176467896, -1.018064022064209, -0.7690190672874451, -0.5973800420761108, 0.04879056662321091, 0.07907981425523758, 0.1564856618642807, 0.21706415712833405, 0.21706415712833405, 0.21369868516921997, 0.16321660578250885, 0.2776426672935486, 0.1968713253736496, 0.26754623651504517, 0.17667849361896515], "scaler_mean": 909.5026069954378, "scaler_scale": 297.1351547324311, "fused_from": "linear"}