{
  "model": "nlinear",
  "site": "204",
  "seq_len": 192,
  "pred_len": 24,
  "params": 4632,
  "val_mse": 0.040771,
  "mse_float": 0.017147,
  "true_future": [
    0.24051319062709808,
    0.15604843199253082,
    -0.4220983386039734,
    -1.5580037832260132,
    -1.7327585220336914,
    -1.624993085861206,
    -1.6963512897491455,
    -1.7808159589767456,
    -1.7851848602294922,
    -1.514315128326416,
    -0.9594689607620239,
    -0.708987295627594,
    -0.6594734191894531,
    0.0774088203907013,
    0.24925093352794647,
    0.07158365845680237,
    0.45313140749931335,
    0.3453660011291504,
    0.29002702236175537,
    0.33954083919525146,
    0.367210328578949,
    0.508470356464386,
    0.23468802869319916,
    0.41089901328086853
  ],
  "scaler_mean": 2367.845155333478,
  "scaler_scale": 686.6768651855615
}