{
  "model": "dlinear",
  "site": "247",
  "seq_len": 192,
  "pred_len": 24,
  "params": 9264,
  "val_mse": 0.085136,
  "mse_float": 0.036055,
  "true_future": [
    -0.288814902305603,
    -0.32302162051200867,
    -0.42564183473587036,
    -0.6394339799880981,
    -1.2123968601226807,
    -1.2722586393356323,
    -1.3064653873443604,
    -1.3834304809570312,
    -1.4090855121612549,
    -1.4090855121612549,
    -1.3919821977615356,
    -1.2893619537353516,
    -1.297913670539856,
    -0.8532260656356812,
    -0.05791940912604332,
    -0.05791940912604332,
    -0.22040142118930817,
    -0.3828834295272827,
    -0.22040142118930817,
    -0.015160986222326756,
    -0.032264355570077896,
    0.0019423824269324541,
    -0.032264355570077896,
    0.036149121820926666
  ],
  "scaler_mean": 346.77286552248535,
  "scaler_scale": 116.93602573588748
}