{
  "model": "nlinear",
  "site": "239",
  "seq_len": 192,
  "pred_len": 24,
  "params": 4632,
  "val_mse": 0.042328,
  "mse_float": 0.010409,
  "true_future": [
    -0.03203437104821205,
    0.1770997792482376,
    -0.1156880334019661,
    -0.6845329403877258,
    -1.3119354248046875,
    -1.4457812309265137,
    -1.8305881023406982,
    -1.7385690212249756,
    -1.6967421770095825,
    -1.730203628540039,
    -0.5172256231307983,
    -0.015303640626370907,
    -0.39174512028694153,
    0.14363831281661987,
    0.33604174852371216,
    0.21892660856246948,
    0.1770997792482376,
    0.37786856293678284,
    0.22729197144508362,
    0.4196954071521759,
    0.42806077003479004,
    0.36113783717155457,
    0.3025802671909332,
    0.3945992887020111
  ],
  "scaler_mean": 453.82940473604174,
  "scaler_scale": 119.5404947764153
}