{
  "model": "nlinear",
  "site": "311",
  "seq_len": 192,
  "pred_len": 24,
  "params": 4632,
  "val_mse": 0.037611,
  "mse_float": 0.020725,
  "true_future": [
    0.17734581232070923,
    0.4803673326969147,
    0.008368651382625103,
    -0.249159038066864,
    -0.9543136954307556,
    -1.2004679441452026,
    -1.193156361579895,
    -1.2053422927856445,
    -1.2094042301177979,
    -1.2053422927856445,
    -1.179345726966858,
    -1.193156361579895,
    -1.1639103889465332,
    -0.7999595999717712,
    -0.5871133208274841,
    -0.5611168742179871,
    0.44787174463272095,
    0.2025299072265625,
    0.38206812739372253,
    0.31870168447494507,
    0.313014954328537,
    0.30895301699638367,
    0.30570346117019653,
    0.3698822855949402
  ],
  "scaler_mean": 2095.698729089724,
  "scaler_scale": 1230.9356192738085
}