{"model": "dlinear", "site": "80", "seq_len": 192, "pred_len": 24, "params": 4632, "val_mse": 0.156784, "mse_float": 0.028625, "true_future": [0.1900581568479538, 0.2529389262199402, 0.30842193961143494, -0.29449352622032166, -0.668079137802124, -1.097147822380066, -1.2635968923568726, -1.259898066520691, -1.367165207862854, -1.3338754177093506, -1.48183012008667, -1.3227788209915161, -0.638488233089447, -0.4794369041919708, -0.2833969295024872, 0.02730797789990902, 0.064296655356884, -0.38696521520614624, -0.2981923818588257, -0.4609425663948059, -0.5201244354248047, -0.3980618119239807, -0.767948567867279, 0.06799552589654922], "scaler_mean": 788.6172061698892, "scaler_scale": 270.35299922938685, "fused_from": "dlinear"}