{
  "model": "nlinear",
  "site": "209",
  "seq_len": 192,
  "pred_len": 24,
  "params": 4632,
  "val_mse": 0.051041,
  "mse_float": 0.047028,
  "true_future": [
    0.07970188558101654,
    0.02413606271147728,
    -0.1759008914232254,
    -0.653766930103302,
    -1.6317253112792969,
    -1.7761964797973633,
    -1.8539886474609375,
    -1.9206676483154297,
    -1.9428939819335938,
    -1.9651201963424683,
    -0.909369707107544,
    -0.5759747624397278,
    -0.042542919516563416,
    0.12415453791618347,
    0.4353231191635132,
    0.3797573149204254,
    0.3686441481113434,
    0.4686626195907593,
    0.5353416204452515,
    0.32419148087501526,
    0.3353046476840973,
    0.5020021200180054,
    0.22417300939559937,
    0.49088895320892334
  ],
  "scaler_mean": 314.8281555507278,
  "scaler_scale": 89.98337654072269
}