{
  "model": "linear",
  "site": "154",
  "seq_len": 192,
  "pred_len": 24,
  "params": 4632,
  "val_mse": 0.066153,
  "mse_float": 0.094217,
  "true_future": [
    0.2777731120586395,
    0.14589007198810577,
    0.24733857810497284,
    -0.4932354688644409,
    -0.8144890666007996,
    -0.9176283478736877,
    -0.8990294933319092,
    -0.9852607250213623,
    -0.8753581643104553,
    -0.9497537612915039,
    -0.08405986428260803,
    -0.39685940742492676,
    -0.6589347124099731,
    -0.2599039375782013,
    0.07487612217664719,
    -0.07560581713914871,
    0.10869228839874268,
    0.2338121086359024,
    0.3115893006324768,
    0.3386422097682953,
    0.634533703327179,
    0.46883445978164673,
    0.6176255941390991,
    0.6243888139724731
  ],
  "scaler_mean": 1783.7157831848795,
  "scaler_scale": 591.4330886900275
}