{
  "model": "dlinear",
  "site": "243",
  "seq_len": 192,
  "pred_len": 24,
  "params": 9264,
  "val_mse": 0.048926,
  "mse_float": 0.104534,
  "true_future": [
    0.23220747709274292,
    0.013873795978724957,
    -0.6229327917098999,
    -1.3992302417755127,
    -1.5265915393829346,
    -1.484137773513794,
    -1.508397102355957,
    -1.5326564311981201,
    -1.5387212038040161,
    -1.5629805326461792,
    -0.7866830229759216,
    -0.35001567006111145,
    0.02600344456732273,
    0.3838280737400055,
    0.4323466718196869,
    0.5111894011497498,
    0.5779024362564087,
    0.6688748002052307,
    0.36563360691070557,
    0.46873563528060913,
    0.3595687747001648,
    0.4566059708595276,
    0.5839672684669495,
    0.4262818396091461
  ],
  "scaler_mean": 465.7124158157723,
  "scaler_scale": 164.88523652948012
}