{
  "model": "dlinear",
  "site": "160",
  "seq_len": 192,
  "pred_len": 24,
  "params": 9264,
  "val_mse": 0.04119,
  "mse_float": 0.029653,
  "true_future": [
    0.02374989539384842,
    -0.1340997815132141,
    -0.3680555522441864,
    -0.5822800993919373,
    -0.9543543457984924,
    -0.8669732809066772,
    -1.0445541143417358,
    -1.134753942489624,
    -1.3828034400939941,
    -0.9909980297088623,
    -0.48926156759262085,
    -0.029806245118379593,
    0.006837429478764534,
    0.2577056586742401,
    0.060393571853637695,
    -0.029806245118379593,
    0.16750584542751312,
    0.22106198966503143,
    0.3986428678035736,
    0.38173040747642517,
    0.36481794714927673,
    0.07730603218078613,
    0.14777463674545288,
    0.15059338510036469
  ],
  "scaler_mean": 1161.5742993699762,
  "scaler_scale": 354.76791021040606
}