{
  "model": "dlinear",
  "site": "57",
  "seq_len": 192,
  "pred_len": 24,
  "params": 9264,
  "val_mse": 0.004702,
  "mse_float": 0.00464,
  "true_future": [
    -1.8516753911972046,
    -1.8516753911972046,
    -1.8516753911972046,
    -1.8516753911972046,
    -1.8727142810821533,
    -1.893753170967102,
    -1.893753170967102,
    -1.893753170967102,
    -1.893753170967102,
    -1.893753170967102,
    -1.893753170967102,
    -1.893753170967102,
    -1.8727142810821533,
    -1.8516753911972046,
    -1.8727142810821533,
    -1.8727142810821533,
    -1.8727142810821533,
    -1.893753170967102,
    -1.893753170967102,
    -1.893753170967102,
    -1.893753170967102,
    -1.883233666419983,
    -1.8516753911972046,
    -1.8516753911972046
  ],
  "scaler_mean": 180.02416902020423,
  "scaler_scale": 95.06211029906454
}