{
  "model": "dlinear",
  "site": "153",
  "seq_len": 192,
  "pred_len": 24,
  "params": 9264,
  "val_mse": 0.042094,
  "mse_float": 0.036797,
  "true_future": [
    -0.4605838358402252,
    -0.4268835186958313,
    -0.42310085892677307,
    -0.8539831638336182,
    -1.5479341745376587,
    -1.7546063661575317,
    -1.7979352474212646,
    -1.7852116823196411,
    -1.6308093070983887,
    -1.5709741115570068,
    -1.2532285451889038,
    -0.9148500561714172,
    -0.9647127389907837,
    -0.33369189500808716,
    -0.09778984636068344,
    -0.024887168779969215,
    0.0022793945390731096,
    0.008469244465231895,
    -0.035203587263822556,
    -0.009068663232028484,
    0.018785661086440086,
    -0.036235228180885315,
    0.008469244465231895,
    -0.15143521130084991
  ],
  "scaler_mean": 9820.371551162285,
  "scaler_scale": 2907.9865015357605
}