{
  "model": "linear",
  "site": "249",
  "seq_len": 192,
  "pred_len": 24,
  "params": 4632,
  "val_mse": 0.041213,
  "mse_float": 0.032855,
  "true_future": [
    0.7199788689613342,
    0.07678151875734329,
    -0.45017537474632263,
    -1.2328612804412842,
    -1.2793575525283813,
    -1.2406107187271118,
    -1.1321195363998413,
    -1.2328612804412842,
    -1.3181043863296509,
    -1.2948561906814575,
    -0.6749069690704346,
    -0.24094247817993164,
    -0.31068676710128784,
    0.4642498195171356,
    0.5959890484809875,
    0.5959890484809875,
    0.812971293926239,
    0.7742244601249695,
    0.7742244601249695,
    0.8517181277275085,
    1.0222041606903076,
    0.8362193703651428,
    1.0144548416137695,
    0.8672168254852295
  ],
  "scaler_mean": 371.091896589181,
  "scaler_scale": 129.0428164386429
}