{"model": "linear", "site": "23", "seq_len": 192, "pred_len": 24, "params": 4632, "val_mse": 0.142592, "mse_float": 0.080005, "true_future": [0.2970050275325775, 1.1290537118911743, 1.3287453651428223, 1.2621814012527466, 0.49669671058654785, -0.2355061024427414, -0.33535194396972656, -0.5683255791664124, -0.6681714057922363, -0.7680172324180603, -1.2672463655471802, -1.0342727899551392, -0.8678630590438843, -1.200682520866394, -0.8012991547584534, -0.2355061024427414, -0.368633896112442, -0.6348894238471985, -0.368633896112442, -0.8345811367034912, -1.1008366346359253, -0.7347353100776672, -0.5017616748809814, 0.26372307538986206], "scaler_mean": 80.07609167933956, "scaler_scale": 30.046320236283897, "fused_from": "linear"}