{
  "model": "dlinear",
  "site": "314",
  "seq_len": 192,
  "pred_len": 24,
  "params": 9264,
  "val_mse": 0.02313,
  "mse_float": 0.009216,
  "true_future": [
    0.18604794144630432,
    0.21049822866916656,
    -0.049722641706466675,
    -0.3506939709186554,
    -0.8954404592514038,
    -1.0354474782943726,
    -1.0514565706253052,
    -1.082601547241211,
    -1.0942445993423462,
    -0.9973166584968567,
    -0.9586036801338196,
    -0.9433222413063049,
    -1.016382098197937,
    -0.9059191346168518,
    -0.47862136363983154,
    -0.17575803399085999,
    -0.1837625801563263,
    0.1975453943014145,
    0.3100458085536957,
    0.14253225922584534,
    -0.19787971675395966,
    -0.2610429525375366,
    -0.1546550989151001,
    0.19332481920719147
  ],
  "scaler_mean": 10424.648544427548,
  "scaler_scale": 6871.08611502613
}