{"model": "linear", "site": "85", "seq_len": 192, "pred_len": 24, "params": 4632, "val_mse": 0.090229, "mse_float": 0.005328, "true_future": [-0.4722096025943756, -0.5919488072395325, -0.6218835711479187, -0.7565901875495911, -0.8463945984840393, -0.8763293623924255, -0.8613619804382324, -0.8763293623924255, -0.8763293623924255, -0.8763293623924255, -0.8763293623924255, -0.6967206001281738, -0.5171117782592773, -0.277633398771286, -0.20279639959335327, -0.15789419412612915, -0.15789419412612915, -0.2327311933040619, -0.20279639959335327, -0.21776379644870758, -0.18782900273799896, -0.15789419412612915, -0.2476985901594162, -0.4422747790813446], "scaler_mean": 74.54920703888769, "scaler_scale": 66.81187268483428, "fused_from": "linear"}