{"model": "dlinear", "site": "29", "seq_len": 192, "pred_len": 24, "params": 4632, "val_mse": 0.223606, "mse_float": 0.136791, "true_future": [-0.16568011045455933, -0.3846830725669861, -0.44441115856170654, -0.3249549865722656, -0.4842298626899719, -0.3647737205028534, -0.44441115856170654, -0.33490967750549316, -0.5539126396179199, -0.6634141206741333, -0.6833234429359436, -0.5140939354896545, -0.3846830725669861, 0.8994706273078918, 1.417114019393921, 1.5664342641830444, 1.3673405647277832, 0.4515100419521332, 1.0189268589019775, 1.1483376026153564, 1.4967514276504517, 1.7157543897628784, 1.58634352684021, 0.9691534042358398], "scaler_mean": 148.64343906148164, "scaler_scale": 100.4552634201276, "fused_from": "dlinear"}