{"model": "nlinear", "site": "21", "seq_len": 192, "pred_len": 24, "params": 4632, "val_mse": 0.145275, "mse_float": 0.069658, "true_future": [0.9714770913124084, 0.529794454574585, 0.5933699607849121, 0.03122839145362377, -0.7818692326545715, -1.0796704292297363, -1.0930547714233398, -1.062940001487732, -1.2202057838439941, -1.551467776298523, -1.6618884801864624, -0.892289936542511, 0.3457599878311157, 0.3122991919517517, -0.4706837236881256, -0.3301483392715454, -0.04907754808664322, -1.4878922700881958, -0.8019457459449768, -0.34353265166282654, -0.8119839429855347, -0.38033953309059143, 0.2654540538787842, 1.1588575839996338], "scaler_mean": 894.6671735824463, "scaler_scale": 298.85709919941985, "fused_from": "nlinear"}