{
  "model": "nlinear",
  "site": "40",
  "seq_len": 192,
  "pred_len": 24,
  "params": 4632,
  "val_mse": 0.104463,
  "mse_float": 0.099396,
  "true_future": [
    0.7952978014945984,
    0.7649788856506348,
    0.5429372191429138,
    0.0391077846288681,
    -0.6965723633766174,
    -1.0167046785354614,
    -1.1335217952728271,
    -1.278874397277832,
    -1.3172188997268677,
    -0.9783601760864258,
    -1.6560776233673096,
    -1.0951772928237915,
    -0.5708379745483398,
    -0.4451035261154175,
    -0.5324934124946594,
    -0.18382559716701508,
    0.0391077846288681,
    -0.4459952712059021,
    -0.1731247901916504,
    -0.4941488802433014,
    -0.26051467657089233,
    0.10687953233718872,
    0.5152934789657593,
    1.2019283771514893
  ],
  "scaler_mean": 3762.144090810341,
  "scaler_scale": 1121.4112241008563
}