{"model": "dlinear", "site": "3", "seq_len": 192, "pred_len": 24, "params": 4632, "val_mse": 0.132151, "mse_float": 0.04304, "true_future": [1.404395341873169, 1.1304314136505127, 1.1695691347122192, 0.7129625678062439, 0.3542002737522125, -0.030653830617666245, -0.1741587519645691, -0.3568013906478882, -0.31766366958618164, -0.6438112258911133, -0.8916833400726318, -0.36984729766845703, -0.2524341642856598, -0.4611685872077942, -0.21329645812511444, -0.017607929185032845, 0.09980519115924835, -0.2785259783267975, -0.3568013906478882, -0.31766366958618164, -0.36984729766845703, -0.2002505511045456, 0.2889707684516907, 1.8870937824249268], "scaler_mean": 424.6993808385835, "scaler_scale": 153.30484559486922, "fused_from": "dlinear"}