{"model": "nlinear", "site": "36", "seq_len": 192, "pred_len": 24, "params": 4632, "val_mse": 0.152585, "mse_float": 0.042651, "true_future": [0.5910825133323669, 0.6874499320983887, -0.020850736647844315, -0.9411597847938538, -1.0230721235275269, -1.133894681930542, -1.1772600412368774, -1.138713002204895, -1.1579865217208862, -0.9267046451568604, 0.35498225688934326, 0.8368194699287415, 1.0825563669204712, 1.1741055250167847, 1.0440094470977783, 1.1259217262268066, 1.058464527130127, 0.9331868886947632, 0.9187318086624146, 0.7741806507110596, 0.4850783050060272, 0.41280272603034973, 0.24897809326648712, 0.6392661929130554], "scaler_mean": 376.3273408646535, "scaler_scale": 207.53898310638334, "fused_from": "nlinear"}