{
  "model": "dlinear",
  "site": "253",
  "seq_len": 192,
  "pred_len": 24,
  "params": 9264,
  "val_mse": 0.081236,
  "mse_float": 0.010113,
  "true_future": [
    0.3350811004638672,
    0.22889336943626404,
    -0.3467559814453125,
    -1.0174154043197632,
    -1.5651205778121948,
    -1.6824859380722046,
    -1.7104301452636719,
    -1.7719072103500366,
    -1.7048412561416626,
    -1.6601306200027466,
    -0.5703091025352478,
    -0.18467994034290314,
    -0.0952586829662323,
    0.1562386006116867,
    0.4356800317764282,
    0.5474565625190735,
    0.48039063811302185,
    0.3574364185333252,
    0.3406699299812317,
    0.3853805661201477,
    0.4412688612937927,
    0.6368778347969055,
    0.553045392036438,
    0.6368778347969055
  ],
  "scaler_mean": 589.0444818596568,
  "scaler_scale": 178.92837500215632
}