{
  "model": "nlinear",
  "site": "90",
  "seq_len": 192,
  "pred_len": 24,
  "params": 4632,
  "val_mse": 0.026258,
  "mse_float": 0.003938,
  "true_future": [
    -0.11008450388908386,
    -0.14422884583473206,
    -0.4271390438079834,
    -0.9832038879394531,
    -1.0417370796203613,
    -1.0514925718307495,
    -1.0514925718307495,
    -1.0417370796203613,
    -1.0417370796203613,
    -1.0417370796203613,
    -0.9344262480735779,
    -0.7978489398956299,
    -0.4564056098461151,
    0.28013643622398376,
    0.45573586225509644,
    0.5142689943313599,
    0.8898566961288452,
    0.9727786183357239,
    0.9776564240455627,
    0.8605901002883911,
    0.4264692962169647,
    0.17770344018936157,
    -0.002773743588477373,
    0.05575940012931824
  ],
  "scaler_mean": 247.56865087986097,
  "scaler_scale": 205.01205649933166
}