{"model": "nlinear", "site": "258", "seq_len": 192, "pred_len": 24, "params": 4632, "val_mse": 0.057353, "mse_float": 0.037208, "true_future": [-0.18128617107868195, -0.32408395409584045, -0.7024980783462524, -1.352228045463562, -1.3879274129867554, -1.4593263864517212, -1.5735645294189453, -1.5307252407073975, -1.5592848062515259, -1.4379067420959473, 0.23996728658676147, -0.35264351963996887, -0.47402164340019226, -0.19556595385074615, 0.1328689455986023, 0.2828066349029541, 0.11858917027711868, -0.002788946498185396, 0.09002961218357086, -0.08132772892713547, 0.04719027876853943, 0.11144927889108658, 0.47558364272117615, 0.2542470693588257], "scaler_mean": 492.3906148164241, "scaler_scale": 140.05819464476855, "fused_from": "nlinear"}