{"model": "linear", "site": "88", "seq_len": 192, "pred_len": 24, "params": 4632, "val_mse": 0.016768, "mse_float": 0.004253, "true_future": [0.6362152695655823, 0.43688642978668213, -0.3078523874282837, -0.5499358177185059, -0.8237963318824768, -1.1126787662506104, -1.1444557905197144, -1.1409891843795776, -1.1467669010162354, -1.145033597946167, -1.16005539894104, -1.088990330696106, -1.0265917778015137, -0.9289495348930359, -0.3569624125957489, 0.15435944497585297, 0.2918674647808075, 0.5957717299461365, 0.5905718803405762, 0.6391041278839111, 0.6668367981910706, 0.7142135500907898, 0.6939917802810669, 0.7465683221817017], "scaler_mean": 2732.8334238540083, "scaler_scale": 1730.808135865403, "fused_from": "linear"}