{
  "model": "nlinear",
  "site": "147",
  "seq_len": 192,
  "pred_len": 24,
  "params": 4632,
  "val_mse": 0.034374,
  "mse_float": 0.086478,
  "true_future": [
    0.6294163465499878,
    0.809080958366394,
    0.2027130126953125,
    0.18025493621826172,
    0.023048432543873787,
    0.0679645761847496,
    -0.4710291624069214,
    -0.8303583264350891,
    -0.9201905727386475,
    -0.8977324962615967,
    -0.9426486492156982,
    0.5171260237693787,
    0.7641648054122925,
    1.056119680404663,
    1.3480746746063232,
    1.3929908275604248,
    1.4379069805145264,
    1.7972360849380493,
    1.5277392864227295,
    1.3929908275604248,
    1.1010358333587646,
    1.4154489040374756,
    1.3031585216522217,
    1.3929908275604248
  ],
  "scaler_mean": 138.97371279600262,
  "scaler_scale": 44.52742009590496
}