{
  "model": "dlinear",
  "site": "27",
  "seq_len": 192,
  "pred_len": 24,
  "params": 9264,
  "val_mse": 0.304394,
  "mse_float": 0.059526,
  "true_future": [
    0.6775987148284912,
    0.7952979803085327,
    1.1483957767486572,
    1.2072454690933228,
    0.7952979803085327,
    0.736448347568512,
    0.3833504915237427,
    0.3245008587837219,
    0.3245008587837219,
    -0.14629626274108887,
    -1.205589771270752,
    -0.970191240310669,
    -0.7936422824859619,
    -1.205589771270752,
    -1.440988302230835,
    -0.9113416075706482,
    -0.08744663000106812,
    -1.146740198135376,
    -1.440988302230835,
    -1.146740198135376,
    -1.382138729095459,
    -1.0878905057907104,
    -0.8524919152259827,
    -0.49939411878585815
  ],
  "scaler_mean": 56.4859330871171,
  "scaler_scale": 16.99245745934935
}