{
  "model": "linear",
  "site": "179",
  "seq_len": 192,
  "pred_len": 24,
  "params": 4632,
  "val_mse": 0.026466,
  "mse_float": 0.016782,
  "true_future": [
    0.3145659267902374,
    0.1504901945590973,
    -0.39691656827926636,
    -1.33350670337677,
    -1.4580788612365723,
    -1.4553617238998413,
    -1.484623670578003,
    -1.4980005025863647,
    -1.378862738609314,
    -1.3257732391357422,
    -0.9025205969810486,
    -0.34152793884277344,
    -0.1640753597021103,
    0.27485331892967224,
    0.6611105799674988,
    0.6742784380912781,
    0.5764600038528442,
    0.5369564294815063,
    0.7564207911491394,
    0.7060484886169434,
    0.7697976231575012,
    0.7616460919380188,
    0.6082301139831543,
    0.5898368954658508
  ],
  "scaler_mean": 11597.998262003042,
  "scaler_scale": 4784.37643582115
}