{"model": "dlinear", "site": "207", "seq_len": 192, "pred_len": 24, "params": 4632, "val_mse": 0.05749, "mse_float": 0.021408, "true_future": [0.30939021706581116, 0.20880605280399323, -0.6232993006706238, -0.9159077405929565, -0.8884757161140442, -0.8976197242736816, -1.0713560581207275, -0.9982038736343384, -1.0896440744400024, -1.0530680418014526, -0.4587070345878601, -0.11123446375131607, -0.2301066517829895, 0.0716458261013031, 0.10822188854217529, 0.4282624125480652, 0.3185342252254486, 0.3733983039855957, 0.2636701464653015, 0.21795006096363068, 0.6568627953529358, 0.3185342252254486, 0.4282624125480652, 0.32767823338508606], "scaler_mean": 280.16472952422333, "scaler_scale": 109.36115304492597, "fused_from": "dlinear"}