{"model": "nlinear", "site": "127", "seq_len": 192, "pred_len": 24, "params": 4632, "val_mse": 0.255378, "mse_float": 0.22709, "true_future": [1.0023651123046875, 1.1209286451339722, 0.6308656334877014, 0.4727807939052582, 0.08547288924455643, 0.09337713569402695, 0.6150571703910828, 0.6387698650360107, 0.13289834558963776, -0.15955863893032074, -0.009378024376928806, 0.41745108366012573, 0.8679929375648499, 1.286917805671692, 1.650512933731079, 1.5161408185958862, 1.199971079826355, 1.3106305599212646, 1.5872790813446045, 1.7690765857696533, 1.5872790813446045, 1.5714704990386963, 1.452906847000122, 1.3185347318649292], "scaler_mean": 294.18645448620464, "scaler_scale": 126.51433163111618, "fused_from": "nlinear"}