{
  "model": "nlinear",
  "site": "199",
  "seq_len": 192,
  "pred_len": 24,
  "params": 4632,
  "val_mse": 0.045532,
  "mse_float": 0.021203,
  "true_future": [
    0.5327423810958862,
    0.38862794637680054,
    -0.4392561912536621,
    -1.326987385749817,
    -1.352095603942871,
    -1.3696370124816895,
    -1.3094459772109985,
    -1.2843377590179443,
    -1.318044662475586,
    -1.1698029041290283,
    -0.21018646657466888,
    0.13823340833187103,
    0.0615328848361969,
    0.647621214389801,
    0.7453025579452515,
    0.7831369042396545,
    0.6390224695205688,
    0.5544111728668213,
    0.8983596563339233,
    0.8515827059745789,
    0.9066144227981567,
    0.7707547545433044,
    0.6390224695205688,
    0.48218193650245667
  ],
  "scaler_mean": 10193.098577014991,
  "scaler_scale": 2907.4116586961027
}