{"model": "dlinear", "site": "114", "seq_len": 192, "pred_len": 24, "params": 4632, "val_mse": 0.002944, "mse_float": 0.001091, "true_future": [-0.1459292322397232, -0.0928797796368599, -0.0928797796368599, -0.0928797796368599, -0.1459292322397232, -0.0928797796368599, -0.0928797796368599, -0.1459292322397232, -0.03983031585812569, -0.1459292322397232, -0.0928797796368599, -0.0928797796368599, -0.1459292322397232, -0.0928797796368599, -0.0928797796368599, -0.1459292322397232, -0.0928797796368599, -0.03983031585812569, -0.0928797796368599, -0.0928797796368599, -0.0928797796368599, -0.0928797796368599, -0.1459292322397232, -0.0928797796368599], "scaler_mean": 35.7508146860743, "scaler_scale": 18.850332596119948, "fused_from": "dlinear"}