{
  "model": "linear",
  "site": "15",
  "seq_len": 192,
  "pred_len": 24,
  "params": 4632,
  "val_mse": 0.116621,
  "mse_float": 0.059496,
  "true_future": [
    0.9508441686630249,
    0.8699873685836792,
    1.0923435688018799,
    0.7053860425949097,
    -0.3775172233581543,
    -0.7182707786560059,
    -0.8308927416801453,
    -0.8742088675498962,
    -0.8482192158699036,
    -0.9492901563644409,
    -1.235176682472229,
    -0.3977314233779907,
    0.48014217615127563,
    -0.27355852723121643,
    -0.44971078634262085,
    -0.27355852723121643,
    -0.4901391863822937,
    -0.5247920751571655,
    -0.1089572161436081,
    -0.2648952901363373,
    -0.5132411122322083,
    -0.27355852723121643,
    0.13938860595226288,
    0.5003563761711121
  ],
  "scaler_mean": 988.7309363458614,
  "scaler_scale": 346.2913074577912
}