{
  "model": "dlinear",
  "site": "231",
  "seq_len": 192,
  "pred_len": 24,
  "params": 9264,
  "val_mse": 0.070034,
  "mse_float": 0.071702,
  "true_future": [
    0.3303182125091553,
    0.34575045108795166,
    -0.027710173279047012,
    -0.5709256529808044,
    -1.1110546588897705,
    -1.1851295232772827,
    -1.0585849285125732,
    -1.4752559661865234,
    -1.7221720218658447,
    -1.9443966150283813,
    -1.481428861618042,
    -0.16042758524417877,
    -0.7129024267196655,
    0.15130402147769928,
    0.3889607787132263,
    0.2006872445344925,
    0.4568627178668976,
    0.48772722482681274,
    0.537110447883606,
    0.4198252856731415,
    0.830323338508606,
    0.47538143396377563,
    0.6266175508499146,
    0.6266175508499146
  ],
  "scaler_mean": 1306.978003475994,
  "scaler_scale": 323.9966646388846
}