{"model": "linear", "site": "223", "seq_len": 192, "pred_len": 24, "params": 4632, "val_mse": 0.077173, "mse_float": 0.073313, "true_future": [0.2961510419845581, 0.2313017100095749, -0.34210288524627686, -1.1339472532272339, -1.3046034574508667, -1.4786726236343384, -1.5571744441986084, -1.5640007257461548, -1.5913057327270508, -0.5434771180152893, -0.720959484577179, -1.021314263343811, -0.017856236547231674, -0.1339024007320404, 0.12890802323818207, 0.38147908449172974, 0.6954863667488098, 0.7159650921821594, 0.6442895531654358, 0.5384827256202698, 0.5555483102798462, 0.2824985384941101, 0.5453089475631714, 0.40195783972740173], "scaler_mean": 1125.2316424071257, "scaler_scale": 292.9868491558106, "fused_from": "linear"}