{"model": "linear", "site": "188", "seq_len": 192, "pred_len": 24, "params": 4632, "val_mse": 0.0565, "mse_float": 0.263502, "true_future": [-0.06192786619067192, 0.08324967324733734, -0.11316699534654617, -0.2839640974998474, -0.25834453105926514, -0.3010438084602356, -0.32666337490081787, -0.2925039529800415, -0.23272496461868286, -0.14732640981674194, 0.28820618987083435, -0.21564525365829468, -0.4206017851829529, -0.07046771794557571, 0.16010837256908417, 0.04055039584636688, 0.3650648891925812, 0.10886923968791962, 0.03201054409146309, 0.2198873609304428, 0.049090251326560974, 0.11740909516811371, 0.19426779448986053, -0.01068873330950737], "scaler_mean": 391.2516293721486, "scaler_scale": 117.09800426442465, "fused_from": "linear"}