{
  "model": "linear",
  "site": "140",
  "seq_len": 192,
  "pred_len": 24,
  "params": 4632,
  "val_mse": 0.046257,
  "mse_float": 0.072025,
  "true_future": [
    0.3449682295322418,
    0.16009223461151123,
    -0.15363673865795135,
    -0.36652424931526184,
    -0.2600805163383484,
    -0.48417264223098755,
    -0.7250716686248779,
    -1.2740973234176636,
    -1.4421664476394653,
    -1.1620513200759888,
    -0.3048989176750183,
    -0.09761371463537216,
    0.3449682295322418,
    0.36177515983581543,
    0.7875502109527588,
    0.9780284762382507,
    0.9051985740661621,
    0.9612215757369995,
    0.7035156488418579,
    0.7539363503456116,
    0.7539363503456116,
    0.6699017882347107,
    0.9892330765724182,
    0.765140950679779
  ],
  "scaler_mean": 591.4238540082555,
  "scaler_scale": 178.49801693861113
}