{"model": "nlinear", "site": "48", "seq_len": 192, "pred_len": 24, "params": 4632, "val_mse": 0.116597, "mse_float": 0.056053, "true_future": [0.7217710018157959, 0.29699909687042236, 1.0542012453079224, 0.3893408179283142, -0.46020302176475525, -0.7187598347663879, -0.9588482975959778, -1.217405080795288, -0.9588482975959778, -1.1989368200302124, -1.623708724975586, -0.46020302176475525, 0.33393579721450806, -0.016962749883532524, 0.18618904054164886, 0.22312572598457336, -0.3678613007068634, -0.27551957964897156, -0.18317784368991852, 0.3154674470424652, -0.05389943718910217, -0.22011452913284302, -0.4417346715927124, 0.7033026814460754], "scaler_mean": 96.9184770801651, "scaler_scale": 54.146706032540024, "fused_from": "nlinear"}