{"model": "nlinear", "site": "89", "seq_len": 192, "pred_len": 24, "params": 4632, "val_mse": 0.027833, "mse_float": 0.006785, "true_future": [0.12652868032455444, 0.3014822006225586, 0.12260448932647705, -0.5121334195137024, -0.9042255282402039, -1.0497475862503052, -1.051055669784546, -1.1223450899124146, -1.2505353689193726, -1.24235999584198, -1.0817950963974, -1.070676565170288, -1.043534278869629, -0.6207026839256287, 0.04085050895810127, 0.21482297778129578, 0.22724957764148712, 0.13143391907215118, 0.30638742446899414, 0.2707427144050598, 0.2864394783973694, 0.2390221506357193, 0.13339601457118988, 0.09611620008945465], "scaler_mean": 4646.080979795785, "scaler_scale": 3057.955075871663, "fused_from": "nlinear"}