{"model": "nlinear", "site": "111", "seq_len": 192, "pred_len": 24, "params": 4632, "val_mse": 0.236993, "mse_float": 0.470317, "true_future": [2.038637638092041, 1.9950990676879883, 1.578373670578003, 1.2362855672836304, 0.48991161584854126, -0.12584689259529114, 0.5085709691047668, 0.35307639837265015, 0.2722192108631134, 0.14782355725765228, 0.2784389853477478, 0.4401533603668213, 1.062131643295288, 2.1381540298461914, 2.1132750511169434, 2.038637638092041, 1.920461654663086, 2.038637638092041, 1.6965495347976685, 1.2984833717346191, 1.6965495347976685, 1.491296648979187, 1.3047032356262207, 1.018593192100525], "scaler_mean": 424.2333260916793, "scaler_scale": 160.77731350492746, "fused_from": "nlinear"}