{
  "model": "nlinear",
  "site": "139",
  "seq_len": 192,
  "pred_len": 24,
  "params": 4632,
  "val_mse": 0.066614,
  "mse_float": 0.019833,
  "true_future": [
    0.2847803235054016,
    -0.011228910647332668,
    -0.5906512141227722,
    -0.8173816800117493,
    -0.8803623914718628,
    -0.7858913540840149,
    -0.7418048977851868,
    -0.8236797451972961,
    -0.8488720655441284,
    -0.9244488477706909,
    -0.13719028234481812,
    0.25328996777534485,
    0.039155639708042145,
    0.07064598053693771,
    0.6500682830810547,
    0.5367030501365662,
    0.44223204255104065,
    0.473722368478775,
    0.4800204336643219,
    0.7634335160255432,
    0.776029646396637,
    0.6752605438232422,
    0.813818097114563,
    0.813818097114563
  ],
  "scaler_mean": 483.7829133174017,
  "scaler_scale": 158.77883522480212
}