{"model": "linear", "site": "132", "seq_len": 192, "pred_len": 24, "params": 4632, "val_mse": 0.071375, "mse_float": 0.064522, "true_future": [-0.08200093358755112, 1.0433629751205444, 1.3541109561920166, 1.266329050064087, 1.3523552417755127, 1.3804454803466797, 0.258592814207077, -0.4103052318096161, -0.6174705028533936, -0.7702109813690186, -0.8193688988685608, -0.6631171107292175, -0.39450448751449585, -0.0626889169216156, -0.10306859016418457, -0.2663429081439972, -0.1645159125328064, 0.10058540850877762, 0.16729965806007385, -0.04688817635178566, -0.057422004640102386, -0.40328267216682434, -0.2522978186607361, 0.8361977338790894], "scaler_mean": 1119.7072018248969, "scaler_scale": 569.5935222651325, "fused_from": "linear"}