{
  "model": "linear",
  "site": "145",
  "seq_len": 192,
  "pred_len": 24,
  "params": 4632,
  "val_mse": 0.087852,
  "mse_float": 0.084952,
  "true_future": [
    1.0800764560699463,
    0.5109667778015137,
    0.21828176081180573,
    -0.4565197229385376,
    -0.8874170780181885,
    -1.5053075551986694,
    -1.5215678215026855,
    -1.4890472888946533,
    -1.5053075551986694,
    -1.5866090059280396,
    -1.3345746994018555,
    -0.5053005814552307,
    0.9662545323371887,
    1.2914600372314453,
    1.3646312952041626,
    1.2101587057113647,
    1.258939504623413,
    1.3808915615081787,
    1.0800764560699463,
    0.21828176081180573,
    0.13698038458824158,
    0.37275439500808716,
    0.8117818832397461,
    0.9337339401245117
  ],
  "scaler_mean": 343.1515316098197,
  "scaler_scale": 122.99913524341673
}