{"model": "nlinear", "site": "45", "seq_len": 192, "pred_len": 24, "params": 4632, "val_mse": 0.08758, "mse_float": 0.039454, "true_future": [0.13874812424182892, 0.5278578400611877, 1.0003482103347778, 0.5417546629905701, -0.6950584650039673, -0.9452004432678223, -1.2926198244094849, -1.2648262977600098, -1.2787230014801025, -1.2648262977600098, -1.5288649797439575, -0.9313036203384399, -0.19477450847625732, -0.04190996661782265, -0.09749706834554672, -0.2225680649280548, 0.15264490246772766, -0.26425838470458984, 0.013677138835191727, -0.13918739557266235, -0.20867128670215607, -0.06970351934432983, -0.1252906173467636, 0.5417546629905701], "scaler_mean": 279.0158049098414, "scaler_scale": 71.95913506506265, "fused_from": "nlinear"}