{
  "model": "linear",
  "site": "35",
  "seq_len": 192,
  "pred_len": 24,
  "params": 4632,
  "val_mse": 0.096491,
  "mse_float": 0.045274,
  "true_future": [
    1.0162785053253174,
    0.642407238483429,
    0.7125080823898315,
    0.29190289974212646,
    -0.3857387602329254,
    -0.5726743936538696,
    -0.7596100568771362,
    -0.8998118042945862,
    -0.9932795763015747,
    -0.9932795763015747,
    -1.6241873502731323,
    -0.9465456604957581,
    -1.0166465044021606,
    -1.0166465044021606,
    -0.8764448165893555,
    -0.5493074655532837,
    -0.525940477848053,
    -0.7128761410713196,
    -0.7362430691719055,
    -0.9699126482009888,
    -0.9465456604957581,
    -1.086747407913208,
    -0.2922709584236145,
    0.642407238483429
  ],
  "scaler_mean": 123.50787529871823,
  "scaler_scale": 42.79547823952182
}