{
  "model": "linear",
  "site": "267",
  "seq_len": 192,
  "pred_len": 24,
  "params": 4632,
  "val_mse": 0.026145,
  "mse_float": 0.013748,
  "true_future": [
    0.250497043132782,
    0.2739536464214325,
    -0.15496712923049927,
    -1.2038124799728394,
    -1.6327332258224487,
    -1.622680425643921,
    -1.612627625465393,
    -1.5456087589263916,
    -1.522152066230774,
    -1.4986954927444458,
    -1.388114333152771,
    -0.2119331657886505,
    -0.12480863183736801,
    0.14996874332427979,
    0.3108140230178833,
    0.2639008164405823,
    0.3711310029029846,
    0.41469326615333557,
    0.3242177963256836,
    0.5185725092887878,
    0.4951159358024597,
    0.4716593325138092,
    0.4381498694419861,
    0.3108140230178833
  ],
  "scaler_mean": 936.2458179448186,
  "scaler_scale": 298.4234093580421
}