{
  "model": "dlinear",
  "site": "237",
  "seq_len": 192,
  "pred_len": 24,
  "params": 9264,
  "val_mse": 0.029345,
  "mse_float": 0.022248,
  "true_future": [
    -0.02788601815700531,
    -0.002857507672160864,
    -0.05041167885065079,
    -0.9689580202102661,
    -1.4670253992080688,
    -1.6297106742858887,
    -1.642224907875061,
    -1.6071850061416626,
    -1.5145795345306396,
    -1.6847734451293945,
    -1.5696423053741455,
    -0.48340490460395813,
    -0.7437013983726501,
    -0.12299435585737228,
    0.2799646556377411,
    0.5027183890342712,
    0.10726793855428696,
    0.29247891902923584,
    0.1347993016242981,
    0.2724561095237732,
    0.4101129174232483,
    0.35004448890686035,
    0.2073819786310196,
    0.13229644298553467
  ],
  "scaler_mean": 1164.1417010645232,
  "scaler_scale": 399.54434883769034
}