{
  "model": "nlinear",
  "site": "238",
  "seq_len": 192,
  "pred_len": 24,
  "params": 4632,
  "val_mse": 0.029441,
  "mse_float": 0.083356,
  "true_future": [
    -0.15842345356941223,
    0.02763684280216694,
    -0.048478733748197556,
    -1.088724970817566,
    -1.7145640850067139,
    -1.2409560680389404,
    -1.5707902908325195,
    -2.0613129138946533,
    -1.892167091369629,
    -1.4101017713546753,
    -0.08230787515640259,
    -0.7758053541183472,
    -0.6996897459030151,
    -0.15842345356941223,
    0.06146598607301712,
    -0.6912325024604797,
    -0.767348051071167,
    -0.8011772036552429,
    -0.06539330631494522,
    -0.20916716754436493,
    -0.0738505944609642,
    0.13758155703544617,
    0.02763684280216694,
    -0.08230787515640259
  ],
  "scaler_mean": 491.73218553117533,
  "scaler_scale": 118.24123933875008
}