{
  "model": "nlinear",
  "site": "183",
  "seq_len": 192,
  "pred_len": 24,
  "params": 4632,
  "val_mse": 0.040819,
  "mse_float": 0.042986,
  "true_future": [
    -0.25396931171417236,
    -0.2633556127548218,
    -0.2868213951587677,
    -0.49097371101379395,
    -0.8406139016151428,
    -0.9555962085723877,
    -0.9861017465591431,
    -1.0259935855865479,
    -0.9391701817512512,
    -1.1104704141616821,
    -0.8570399284362793,
    -0.821841299533844,
    -0.5754505395889282,
    -0.2469295710325241,
    -0.24927616119384766,
    -0.14602671563625336,
    -0.10144171863794327,
    -0.12256092578172684,
    -0.09674856066703796,
    -0.1976514309644699,
    -0.1389869749546051,
    -0.21173089742660522,
    -0.1342938095331192,
    -0.174185648560524
  ],
  "scaler_mean": 1330.2296328481425,
  "scaler_scale": 426.15240376112877
}