{"model": "nlinear", "site": "218", "seq_len": 192, "pred_len": 24, "params": 4632, "val_mse": 0.08398, "mse_float": 0.035078, "true_future": [0.28493887186050415, 0.08793891221284866, -0.4914727807044983, -1.325825572013855, -1.395354986190796, -1.499649167060852, -1.5228255987167358, -1.6271196603775024, -1.6387078762054443, -1.6155314445495605, -0.6884727478027344, -0.1206493005156517, 0.06476244330406189, 0.423997700214386, 0.29652711749076843, 0.4008212089538574, 0.4008212089538574, 0.6441741585731506, 0.47035062313079834, 0.47035062313079834, 0.37764474749565125, 0.5978211760520935, 0.7484682202339172, 0.6094094514846802], "scaler_mean": 230.41136215511622, "scaler_scale": 86.29442762633511, "fused_from": "nlinear"}