{"model": "nlinear", "site": "100", "seq_len": 192, "pred_len": 24, "params": 4632, "val_mse": 0.081295, "mse_float": 0.029407, "true_future": [0.8077173233032227, 0.8484771847724915, 0.46737247705459595, 0.2513452172279358, -0.09511356800794601, 0.10664772987365723, -0.07677163183689117, -0.7594992518424988, -1.181363821029663, -1.629722237586975, -1.735697865486145, -1.5604305267333984, -1.287339448928833, -1.0122103691101074, -1.1018821001052856, 0.2452312558889389, -0.011555857956409454, 0.7017416954040527, 0.13721762597560883, 0.0006720993551425636, -0.048239730298519135, 0.13721762597560883, 0.14536960422992706, 0.2146613597869873], "scaler_mean": 1097.6702150771237, "scaler_scale": 490.6788344003202, "fused_from": "nlinear"}