{
  "model": "dlinear",
  "site": "8",
  "seq_len": 192,
  "pred_len": 24,
  "params": 9264,
  "val_mse": 0.118118,
  "mse_float": 0.27659,
  "true_future": [
    0.31001925468444824,
    0.13173316419124603,
    0.24316196143627167,
    -0.34741073846817017,
    -0.6482685208320618,
    -0.6371256113052368,
    -0.7262686491012573,
    -0.7708402276039124,
    -0.7931259870529175,
    -0.32512494921684265,
    -1.3168413639068604,
    -1.417127251625061,
    -0.503411054611206,
    0.24316196143627167,
    1.1903069019317627,
    0.6220199465751648,
    -0.6594113707542419,
    -1.3168413639068604,
    -1.2165554761886597,
    -1.0716979503631592,
    -0.9714120626449585,
    -0.8488403558731079,
    -0.25826767086982727,
    0.020304348319768906
  ],
  "scaler_mean": 221.17781881381708,
  "scaler_scale": 89.74339787139532
}