{"model": "linear", "site": "229", "seq_len": 192, "pred_len": 24, "params": 4632, "val_mse": 0.030071, "mse_float": 0.026582, "true_future": [0.33551618456840515, 0.2976822853088379, 0.30398795008659363, -0.23199217021465302, -0.7679722905158997, -1.348091959953308, -1.5120388269424438, -1.493121862411499, -1.5687896013259888, -1.4426766633987427, -0.36441078782081604, -0.5283576250076294, -0.5914141535758972, -0.10587920993566513, 0.07698459923267365, 0.15895803272724152, 0.48054608702659607, 0.3985726535320282, 0.40487831830978394, 0.32290488481521606, 0.23462580144405365, 0.5877420902252197, 0.6255760192871094, 0.7516889572143555], "scaler_mean": 598.7911688029546, "scaler_scale": 158.58797316872162, "fused_from": "linear"}