{
  "model": "linear",
  "site": "244",
  "seq_len": 192,
  "pred_len": 24,
  "params": 4632,
  "val_mse": 0.03214,
  "mse_float": 0.020953,
  "true_future": [
    0.15669268369674683,
    0.3098573386669159,
    0.22780485451221466,
    -0.45049574971199036,
    -0.8935792446136475,
    -1.2327295541763306,
    -1.7852163314819336,
    -1.7359848022460938,
    -1.7906864881515503,
    -1.686753273010254,
    -1.664872646331787,
    -0.2809205949306488,
    -0.6146007180213928,
    -0.1715172827243805,
    0.14028219878673553,
    0.3153274953365326,
    0.1785733550786972,
    0.34814849495887756,
    -0.018352627754211426,
    0.20592418313026428,
    0.10199102759361267,
    0.20045402646064758,
    0.35361868143081665,
    0.2770363390445709
  ],
  "scaler_mean": 626.3550401911797,
  "scaler_scale": 182.80980271360616
}