{
  "model": "dlinear",
  "site": "34",
  "seq_len": 192,
  "pred_len": 24,
  "params": 9264,
  "val_mse": 0.128672,
  "mse_float": 0.071405,
  "true_future": [
    0.6721380949020386,
    0.2816774845123291,
    0.5419845581054688,
    0.0871623083949089,
    -0.9204549193382263,
    -1.051323652267456,
    -1.1643140316009521,
    -1.2458387613296509,
    -1.2451236248016357,
    -0.8725412487983704,
    -1.3924403190612793,
    -0.9047220945358276,
    -0.6451301574707031,
    -0.48136550188064575,
    -0.5471574068069458,
    -0.15741191804409027,
    -0.010810407809913158,
    -0.6286821365356445,
    -0.7094917893409729,
    0.037818387150764465,
    -0.596501350402832,
    -0.2711174786090851,
    -0.18959274888038635,
    1.2084851264953613
  ],
  "scaler_mean": 4312.116717358244,
  "scaler_scale": 1398.3484499487845
}