{
  "model": "dlinear",
  "site": "318",
  "seq_len": 192,
  "pred_len": 24,
  "params": 9264,
  "val_mse": 0.122205,
  "mse_float": 0.101637,
  "true_future": [
    -0.8072969317436218,
    -0.12050777673721313,
    0.9883885979652405,
    1.571380853652954,
    1.2599903345108032,
    1.218471646308899,
    0.6268295645713806,
    0.03345755487680435,
    -0.11358798295259476,
    -0.28312283754348755,
    -0.04266013577580452,
    -1.1429067850112915,
    -1.2328640222549438,
    -0.7017701268196106,
    -0.6066230535507202,
    -0.2658233642578125,
    0.2860299050807953,
    0.3240887224674225,
    0.23932130634784698,
    0.3794470429420471,
    0.4244256913661957,
    0.4832439124584198,
    0.7133269309997559,
    0.4105861186981201
  ],
  "scaler_mean": 2223.6597870953724,
  "scaler_scale": 578.0522174638172
}