{
  "model": "dlinear",
  "site": "39",
  "seq_len": 192,
  "pred_len": 24,
  "params": 9264,
  "val_mse": 0.128398,
  "mse_float": 0.094264,
  "true_future": [
    -0.47516125440597534,
    -0.16187147796154022,
    0.3080631494522095,
    -0.21408644318580627,
    -0.5795911550521851,
    -0.6840211153030396,
    -0.9450958967208862,
    -0.9450958967208862,
    -0.9973108768463135,
    -0.8406659960746765,
    -0.8406659960746765,
    -1.0495258569717407,
    -1.1539556980133057,
    -1.1017407178878784,
    -0.5273762345314026,
    -0.16187147796154022,
    0.6213529109954834,
    0.20363323390483856,
    -0.5273762345314026,
    -0.736236035823822,
    -0.5795911550521851,
    -0.26630139350891113,
    -0.005226600915193558,
    1.2479324340820312
  ],
  "scaler_mean": 64.10009776232891,
  "scaler_scale": 19.15159931275634
}