{
  "model": "nlinear",
  "site": "67",
  "seq_len": 192,
  "pred_len": 24,
  "params": 4632,
  "val_mse": 0.107982,
  "mse_float": 0.037887,
  "true_future": [
    -0.06066262349486351,
    0.44933465123176575,
    0.72394859790802,
    0.27933555841445923,
    -0.43989136815071106,
    -0.7537358403205872,
    -0.9629654884338379,
    -0.9498886466026306,
    -0.9760423302650452,
    -1.0806571245193481,
    -1.7737303972244263,
    -1.3160405158996582,
    -0.7668126821517944,
    -0.8191201090812683,
    -0.7537358403205872,
    -0.4268145263195038,
    -0.2829691171646118,
    -0.6360441446304321,
    -0.806043267250061,
    -0.9760423302650452,
    -0.7275821566581726,
    -0.583736777305603,
    -0.40066081285476685,
    0.21395130455493927
  ],
  "scaler_mean": 242.63893113187052,
  "scaler_scale": 76.4709961553799
}