{
  "model": "dlinear",
  "site": "195",
  "seq_len": 192,
  "pred_len": 24,
  "params": 9264,
  "val_mse": 0.046185,
  "mse_float": 0.144508,
  "true_future": [
    0.12366598099470139,
    0.033309705555438995,
    -0.2779174745082855,
    -0.6694613695144653,
    -0.7096197009086609,
    -0.7096197009086609,
    -0.729698896408081,
    -0.7196592688560486,
    -0.729698896408081,
    -0.7698572278022766,
    -0.6995801329612732,
    -0.217679962515831,
    0.013230530545115471,
    0.06342846155166626,
    0.1839035004377365,
    0.3646160662174225,
    0.38469523191452026,
    0.47505152225494385,
    0.4348931610584259,
    0.3545764684677124,
    0.40477439761161804,
    0.4148139953613281,
    0.47505152225494385,
    0.5352890491485596
  ],
  "scaler_mean": 344.68216380621334,
  "scaler_scale": 99.60569394285234
}