{"model": "dlinear", "site": "222", "seq_len": 192, "pred_len": 24, "params": 4632, "val_mse": 0.055328, "mse_float": 0.088389, "true_future": [0.16763529181480408, 0.2701249122619629, -0.513920783996582, -1.246721625328064, -1.3748337030410767, -1.3184643983840942, -1.4875723123550415, -1.5490660667419434, -1.538817048072815, -1.5234436988830566, -0.708651065826416, -0.3499373495578766, -0.36018630862236023, -0.17058050632476807, -0.021970532834529877, 0.21375562250614166, -0.006597088184207678, -0.17058050632476807, 0.31112077832221985, 0.1727597713470459, 0.18813320994377136, 0.23425354063510895, 0.6595855355262756, 0.40848591923713684], "scaler_mean": 698.2873669346079, "scaler_scale": 195.14168949233957, "fused_from": "dlinear"}