{"model": "dlinear", "site": "101", "seq_len": 192, "pred_len": 24, "params": 4632, "val_mse": 0.052813, "mse_float": 0.018664, "true_future": [0.7338135838508606, 0.7595388293266296, 0.6695003509521484, 0.2707583010196686, -0.08939581364393234, -0.745390772819519, -1.1698580980300903, -1.3885231018066406, -1.4399737119674683, -1.5300122499465942, -1.40138578414917, -1.4785616397857666, -1.2727593183517456, -1.0798195600509644, 0.15499447286128998, 0.15499447286128998, 0.7595388293266296, 1.106830358505249, 0.7466762065887451, 0.4894232749938965, 0.3093462288379669, 0.2836209237575531, 0.6695003509521484, 0.6952255964279175], "scaler_mean": 152.95003258744296, "scaler_scale": 77.74449915679438, "fused_from": "dlinear"}