{
  "model": "dlinear",
  "site": "299",
  "seq_len": 192,
  "pred_len": 24,
  "params": 9264,
  "val_mse": 0.131153,
  "mse_float": 0.017173,
  "true_future": [
    -0.9035418033599854,
    -0.9035418033599854,
    -0.9035418033599854,
    -0.46165046095848083,
    -0.019759172573685646,
    -0.46165046095848083,
    -0.46165046095848083,
    -0.46165046095848083,
    -0.46165046095848083,
    -0.46165046095848083,
    -0.46165046095848083,
    -0.46165046095848083,
    -0.019759172573685646,
    -0.46165046095848083,
    -0.9035418033599854,
    -0.9035418033599854,
    -0.9035418033599854,
    -0.9035418033599854,
    -0.9035418033599854,
    -0.9035418033599854,
    -0.9035418033599854,
    -0.9035418033599854,
    -0.9035418033599854,
    -0.9035418033599854
  ],
  "scaler_mean": 83.83331522919835,
  "scaler_scale": 92.7829981226505
}