{"model": "dlinear", "site": "198", "seq_len": 192, "pred_len": 24, "params": 4632, "val_mse": 0.066875, "mse_float": 0.011868, "true_future": [0.166019469499588, 0.025932054966688156, -0.45252034068107605, -1.3878731727600098, -1.3986492156982422, -1.3081310987472534, -1.3577005863189697, -1.396493911743164, -1.480546474456787, -1.1378710269927979, -0.728384792804718, -0.47622743248939514, -0.6960569024085999, -0.39864057302474976, -0.14001764357089996, -0.1982078105211258, 0.1897265613079071, 0.34490031003952026, 0.2737790048122406, 0.2048128992319107, 0.3880041241645813, 0.504384458065033, 0.6035232543945312, 0.3104172646999359], "scaler_mean": 1426.967629806648, "scaler_scale": 463.99600946710666, "fused_from": "dlinear"}