{"model": "nlinear", "site": "241", "seq_len": 192, "pred_len": 24, "params": 4632, "val_mse": 0.038349, "mse_float": 0.07704, "true_future": [-0.13214144110679626, 0.22255046665668488, 0.191254124045372, -0.7893646955490112, -1.2275135517120361, -1.2066493034362793, -1.2170814275741577, -1.175352931022644, -1.3318346738815308, -1.592637538909912, -0.9249821901321411, -0.20516625046730042, -0.6433150768280029, -0.5181297063827515, -0.40337643027305603, -0.36164796352386475, -0.027820294722914696, -0.12170933187007904, -0.1947341412305832, -0.14257356524467468, 0.024340279400348663, -0.13214144110679626, 0.06606873869895935, 0.013908164575695992], "scaler_mean": 285.66679339561153, "scaler_scale": 95.85783916864948, "fused_from": "nlinear"}