{
  "model": "nlinear",
  "site": "174",
  "seq_len": 192,
  "pred_len": 24,
  "params": 4632,
  "val_mse": 0.032509,
  "mse_float": 0.009293,
  "true_future": [
    0.08101405948400497,
    0.002927628578618169,
    -0.007917708717286587,
    -0.5762134194374084,
    -1.2009048461914062,
    -1.2551316022872925,
    -1.172706961631775,
    -1.2312718629837036,
    -1.1445090770721436,
    -0.832163393497467,
    -0.6803286671638489,
    -0.6044113039970398,
    -0.287727415561676,
    0.054985251277685165,
    0.1027047336101532,
    0.18296024203300476,
    0.19814370572566986,
    0.1699458360671997,
    0.19814370572566986,
    0.12005727738142014,
    0.1330716758966446,
    0.20248183608055115,
    0.11138100922107697,
    0.16126956045627594
  ],
  "scaler_mean": 1609.6502824245058,
  "scaler_scale": 461.027596306542
}