{"model": "dlinear", "site": "235", "seq_len": 192, "pred_len": 24, "params": 4632, "val_mse": 0.028941, "mse_float": 0.079355, "true_future": [0.08987986296415329, 0.4539651870727539, -0.3561246693134308, -1.1389081478118896, -1.0569889545440674, -1.1662145853042603, -1.6122190952301025, -1.6668318510055542, -1.776057481765747, -1.0296825170516968, -1.2572358846664429, -0.37432894110679626, -0.21049053966999054, 0.05347132682800293, 0.2719225287437439, 0.20820759236812592, 0.19000333547592163, 0.5267822742462158, 0.2901268005371094, 0.4539651870727539, 0.26282039284706116, 0.4084545373916626, 0.37204599380493164, 0.19910545647144318], "scaler_mean": 365.1254073430371, "scaler_scale": 109.86435246009232, "fused_from": "dlinear"}