{"model": "dlinear", "site": "168", "seq_len": 192, "pred_len": 24, "params": 4632, "val_mse": 0.036009, "mse_float": 0.023442, "true_future": [0.019107986241579056, -0.04179034009575844, -0.17550188302993774, -0.2893552780151367, -0.9737995266914368, -1.4914352893829346, -1.5827827453613281, -1.6767780780792236, -1.6555960178375244, -1.3762580156326294, -1.1697332859039307, -0.8493551015853882, -0.49720391631126404, 0.1845925748348236, 0.07073917984962463, 0.2481386512517929, 0.2468147724866867, 0.2348998785018921, 0.16605830192565918, 0.15546728670597076, 0.2468147724866867, 0.3090369701385498, 0.1131032332777977, 0.009840849786996841], "scaler_mean": 2330.566641320878, "scaler_scale": 755.3573742476333, "fused_from": "dlinear"}